117647-B21,CPU
117648-B21,CPU
117649-B21,CPU
117651-B21,CPU
117652-B21,CPU
117810-B21,CPU
117811-B21,CPU
117812-B21,CPU
123065-B22,HDD-SCSI
124779-B21,CPU
124992-B21,Controller
127695-B21,Controller
128276-B21,Memory
128277-B21,Memory
128278-B21,Memory
128279-B21,Memory
128280-B21,Memory
128283-B21,CPU
128293-B21,Controller
128417-B21,HDD-SCSI
128418-B22,HDD-SCSI
128420-B21,HDD-SCSI
129803-B21,Adapter
138603-B21,Adapter
138604-B21,Adapter
142671-B22,HDD-SCSI
142672-B21,HDD-SCSI
142673-B22,HDD-SCSI
142674-B21,HDD-SCSI
142676-B21,HDD-SCSI
146168-B21,CPU
146169-B21,CPU
146170-B21,CPU
153506-B21,Controller
153507-B21,Controller
153555-B21,CPU
154457-B21,Adapter
154557-B21,Adapter
154712-B21,CPU
154713-B21,CPU
154714-B21,CPU
155222-B21,CPU
155223-B21,CPU
155224-B21,CPU
158575-B21,Adapter
158939-B21,Controller
159756-B21,CPU
161083-B21,CPU
161084-B21,CPU
161085-B21,CPU
161086-B21,CPU
166207-B21,Controller
167444-B21,CPU
169845-001,Controller
174448-B21,CPU
174449-B21,CPU
174571-B21,Controller
174736-B21,Adapter
174737-B21,Cable Kit
174738-B22,Cable Kit
174818-B21,Adapter
174830-B21,Adapter
174882-B21,CPU
175810-B21,CPU
176496-B22,HDD-SCSI
176497-B21,HDD-SCSI
176498-B21,HDD-SCSI
177666-B21,CPU
187418-B21,Memory
187419-B21,Memory
187420-B21,Memory
187421-B21,Memory
187602-B21,CPU
188044-B21,Controller
188120-B22,HDD-SCSI
188122-B22,HDD-SCSI
189080-B21,Memory
189081-B21,Memory
189082-B21,Memory
189083-B21,Memory
191224-B21,CPU
199371-B21,Controller
201097-B21,CPU
201098-B21,CPU
201099-B21,CPU
201692-B21,Memory
201693-B21,Memory
201694-B21,Memory
201695-B21,Memory
202170-B21,Memory
202171-B21,Memory
202172-B21,Memory
202173-B21,Memory
203320-B21,Memory
203539-B21,Adapter
210642-B21,CPU
222627-B21,CPU
225338-B21,Controller
230560-B21,CPU
230561-B21,CPU
231117-B21,CPU
231118-B21,CPU
232305-B21,Memory
232307-B21,Memory
232308-B21,Memory
232309-B21,Memory
232432-B22,HDD-SCSI
232545-B21,CPU
232916-B22,HDD-SCSI
233273-B21,CPU
234277-B21,CPU
236121-B21,CPU
236844-B21,Memory
236852-B21,Memory
236853-B21,Memory
236854-B21,Memory
238633-B21,Controller
238888-B21,CPU
241773-B21,Memory
241774-B21,Memory
242505-001,Controller
242507-001,Controller
242509-001,Controller
242511-001,Controller
244059-B21,HDD-SCSI
244948-B21,Adapter
244949-B21,Adapter
245037-B21,CPU
257913-B21,CPU
257915-B21,CPU
257916-B21,CPU
263697-B21,Controller
264030-B21,Controller
268351-B21,Adapter
268351-B22,Adapter
272514-001,Adapter
273914-B21,Controller
273915-B21,Controller
281541-B21,Adapter
283551-B21,Controller
283552-B21,Controller
284688-B21,Adapter
286713-B22,HDD-SCSI
286714-B22,HDD-SCSI
286716-B22,HDD-SCSI
286775-B22,HDD-SCSI
286776-B22,HDD-SCSI
286778-B22,HDD-SCSI
287494-B21,Memory
287495-B21,Memory
287496-B21,Memory
287497-B21,Memory
287519-B21,CPU
287520-B21,CPU
287728-001,Controller
290563-B21,Adapter
291966-B21,Controller
291967-B21,Controller
292891-B21,CPU
292892-B21,CPU
295570-B21,Controller
295635-B21,Controller
295636-B21,Controller
295643-B21,Controller
300678-B21,Memory
300679-B21,Memory
300680-B21,Memory
300682-B21,Memory
300873-B21,CPU
301044-B21,Memory
306504-B21,CPU
307276-B21,CPU
309833-B22,Adapter
311583-B21,CPU
311584-B21,CPU
312285-B21,CPU
312286-B21,CPU
313611-B21,CPU
313612-B21,CPU
313614-B21,Memory
313615-B21,Memory
313616-B21,Memory
313617-B21,Memory
313618-B21,CPU
313706-B21,HDD-SCSI
313879-B21,Adapter
313881-B21,Adapter
314763-B21,CPU
316898-B21,CPU
317093-B21,Memory
317450-B21,Adapter
317823-B21,CPU
321835-B21,Adapter
322472-B21,CPU
323139-B21,CPU
323247-B21,CPU
325252-B21,CPU
325253-B21,CPU
325254-B21,CPU
328580-B21,Memory
328581-B21,Memory
328582-B21,Memory
328583-B21,Memory
328717-B21,CPU
328718-B21,CPU
328806-B21,Memory
328807-B21,Memory
328808-B21,Memory
328809-B21,Memory
328812-B21,CPU
328813-B21,CPU
328814-B21,CPU
328939-B22,HDD-SCSI
328943-B21,HDD-SCSI
328976-B21,CPU
328977-B21,CPU
328978-B21,CPU
331002-B21,CPU
331003-B21,CPU
331004-B21,CPU
333713-B21,CPU
333714-B21,CPU
334036-B21,CPU
334037-B21,CPU
336357-B21,HDD-SCSI
337056-B21,CPU
337972-B21,Controller
338456-B21,Adapter
338456-B22,Adapter
338456-B25,Adapter
339072-B21,CPU
339323-B21,Backplane Kit
343055-B21,Memory
343056-B21,Memory
343057-B21,Memory
345321-B21,CPU
345322-B21,CPU
345323-B21,CPU
345627-B21,CPU
346988-B21,CPU
346989-B21,CPU
346990-B21,CPU
347708-B22,HDD-SCSI
347924-B21,CPU
347926-B21,CPU
347927-B21,CPU
348106-B21,Memory
348107-B21,Memory
348109-B21,CPU
348110-B21,CPU
348111-B21,CPU
348114-001,Power Supply
348114-B21,Power Supply
348757-B21,Adapter
349043-B21,CPU
349526-B21,HDD-SCSI
350964-B22,HDD-SCSI
351050-B21,CPU
351051-B21,CPU
351052-B21,CPU
351108-B21,Memory
351109-B21,Memory
352567-B21,CPU
352568-B21,CPU
353377-B21,Adapter
353831-B21,CPU
354053-B21,CPU
354582-B21,CPU
354583-B21,CPU
354606-B21,CPU
355671-B21,Controller
355928-B21,CPU
358344-B21,CPU
358345-B21,CPU
358347-B21,Memory
358348-B21,Memory
358349-B21,Memory
359047-B21,CPU
359384-B21,CPU
359559-B21,CPU
359708-B21,CPU
361034-B21,CPU
361035-B21,CPU
361036-B21,CPU
361037-B21,Memory
361038-B21,Memory
361039-B21,Memory
361412-B21,CPU
361413-B21,CPU
364639-B21,Memory
366619-B21,CPU
366725-B21,CPU
367047-B21,Adapter
367132-B21,Adapter
368152-B21,CPU
368169-B21,Adapter
370513-B21,CPU
371047-B21,Memory
371048-B21,Memory
371049-B21,Memory
371535-B21,HDD-SCSI
371541-B21,CPU
371542-B21,CPU
371543-B21,CPU
372953-B21,Controller
374191-B22,Adapter
374193-B22,Adapter
374492-B21,CPU
374963-B21,Adapter
375004-B21,Memory
375369-B21,CPU
375859-B21,HDD-SFF
375861-B21,HDD-SFF
375868-B21,HDD-LFF
375870-B21,HDD-LFF
375872-B21,HDD-LFF
376158-B21,Adapter
376160-B21,Adapter
376189-B21,CPU
376190-B21,CPU
376241-B21,CPU
376242-B21,CPU
376243-B21,CPU
376638-B21,Memory
376639-B21,Memory
378283-B21,CPU
378690-B21,CPU
378748-B21,CPU
378749-B21,CPU
378750-B21,CPU
378751-B21,CPU
378752-B21,CPU
378755-B21,CPU
378841-B21,Riser Kit
379093-B21,Cable Kit
379259-B21,CPU
379300-B21,Memory
379817-B21,CPU
379956-B21,Adapter
380298-B21,Adapter
380327-B21,CPU
381018-B21,CPU
381019-B21,CPU
381020-B21,CPU
381476-B21,CPU
381477-B21,CPU
381513-B21,Controller
381588-B21,CPU
381883-B21,CPU
382182-B21,CPU
382184-B21,CPU
383390-B21,CPU
383391-B21,CPU
383392-B21,CPU
383393-B21,CPU
383738-B21,Adapter
383887-B21,HDD-SCSI
384038-B21,HDD-SFF
384043-B21,Adapter
384141-B21,HDD-SFF
384842-B21,HDD-SFF
384852-B21,HDD-LFF
384854-B21,HDD-LFF
385749-B21,Cable Kit
385903-B21,CPU
388099-B21,Controller
388143-B21,HDD-SCSI
388144-B22,HDD-SCSI
388332-B21,Controller
389650-B21,Cable Kit
390456-B21,Adapter
390603-B21,CPU
390605-B21,CPU
390606-B21,CPU
391661-B21,Adapter
391782-B21,CPU
391793-B21,CPU
392221-B21,CPU
392440-B21,CPU
392442-B21,CPU
392444-B21,CPU
392447-B21,CPU
392449-B21,CPU
392451-B21,CPU
393300-B21,CPU
393829-B21,CPU
393830-B21,CPU
393831-B21,CPU
394791-B21,Adapter
394793-B21,Adapter
394795-B21,Adapter
394921-B21,CPU
395409-B21,Memory
396861-B21,CPU
397326-B21,CPU
397328-B21,CPU
397409-B21,Memory
397411-B21,Memory
397413-B21,Memory
397415-B21,Memory
397436-B21,CPU
397645-B21,CPU
397646-B21,CPU
397816-B21,CPU
397819-B21,CPU
397820-B21,CPU
397821-B21,CPU
397843-B21,CPU
397844-B21,CPU
398307-B21,Cable Kit
399042-B21,CPU
399087-B21,CPU
399129-B21,CPU
399444-B21,CPU
399542-B21,Power Supply
399550-B21,Controller
399599-B21,CPU
399602-B21,CPU
399605-B21,CPU
399692-B21,CPU
399771-B21,Power Supply
399888-B21,CPU
399889-B21,CPU
400376-B21,CPU
400500-B21,CPU
400693-B21,Fan Kit
400739-B21,HDD-SCSI
400740-B21,HDD-SCSI
401268-B21,CPU
401415-B21,Cage Kit
403621-B21,Adapter
403702-B21,Memory
403766-B21,Memory
403768-B21,CPU
404752-B21,CPU
404753-B21,CPU
405037-B21,CPU
405039-B21,CPU
405040-B21,CPU
405094-B21,Adapter
405095-B21,Adapter
405132-B21,Controller
405154-B21,Riser Kit
405635-B21,CPU
405636-B21,CPU
406426-B21,CPU
406433-B21,CPU
406740-B21,Adapter
406770-B21,Adapter
406771-B21,Adapter
407223-B21,CPU
407433-B21,CPU
407435-B21,CPU
407624-B21,CPU
407660-B21,CPU
407661-B21,CPU
408837-B21,CPU
408840-B21,CPU
408855-B21,Memory
409157-B21,CPU
409159-B21,CPU
409180-B21,Controller
409278-B21,CPU
409279-B21,CPU
409347-B21,Riser Kit
409348-B21,Backplane Kit
409380-B21,CPU
409390-B21,CPU
409391-B21,CPU
409392-B21,CPU
409397-B21,CPU
409400-B21,CPU
409401-B21,CPU
409579-B21,Fan Kit
409611-B21,CPU
409612-B21,CPU
409613-B21,CPU
410061-B21,Memory
410570-B21,Cage Kit
411064-B21,Controller
411089-B22,HDD-SCSI
411097-B21,CPU
411362-B21,CPU
411365-B21,CPU
411368-B21,CPU
411374-B21,CPU
411508-B21,Controller
411604-B21,CPU
411605-B21,CPU
411606-B21,CPU
411615-B21,CPU
411616-B21,CPU
411623-B21,Backplane Kit
411625-B21,Riser Kit
411627-B21,Riser Kit
411776-B21,CPU
411777-B21,CPU
411948-B21,CPU
411949-B21,CPU
411951-B21,CPU
412648-B21,Adapter
412911-B21,Adapter
412967-B21,CPU
413931-B21,CPU
413932-B21,CPU
413933-B21,CPU
413934-B21,CPU
414126-B21,Adapter
414129-B21,Adapter
414210-B21,CPU
414211-B21,CPU
414212-B21,CPU
415620-B21,CPU
415666-B21,CPU
416096-B21,Adapter
416127-B21,HDD-LFF
416188-B21,CPU
416190-B21,CPU
416192-B21,CPU
416194-B21,CPU
416196-B21,CPU
416198-B21,CPU
416567-B21,CPU
416569-B21,CPU
416571-B21,CPU
416573-B21,CPU
416575-B21,CPU
416577-B21,CPU
416579-B21,CPU
416585-B21,Adapter
416657-B21,CPU
416658-B21,CPU
416659-B21,CPU
416660-B21,CPU
416670-B21,CPU
416671-B21,CPU
416672-B21,CPU
416673-B21,CPU
416734-B21,CPU
416787-B21,CPU
416788-B21,CPU
416832-B21,CPU
416833-B21,CPU
416834-B21,CPU
416835-B21,CPU
416886-B21,CPU
416887-B21,CPU
416888-B21,CPU
416889-B21,CPU
416890-B21,CPU
416891-B21,CPU
417139-B21,CPU
417555-B21,CPU
417556-B21,CPU
417557-B21,CPU
417558-B21,CPU
417770-B21,CPU
417772-B21,CPU
417774-B21,CPU
417784-B21,CPU
417786-B21,CPU
417855-B21,HDD-LFF
417950-B21,HDD-LFF
418226-B21,CPU
418319-B21,CPU
418320-B21,CPU
418321-B21,CPU
418322-B21,CPU
418323-B21,CPU
418324-B21,CPU
418367-B21,HDD-SFF
418369-B21,HDD-SFF
418370-B21,HDD-SFF
418371-B21,HDD-SFF
419487-B21,CPU
419734-B21,CPU
419735-B21,CPU
419736-B21,CPU
419741-B21,CPU
419742-B21,CPU
419743-B21,CPU
430816-B21,CPU
430817-B21,CPU
430818-B21,CPU
430819-B21,CPU
431643-B21,Mezzanine Card
431933-B21,HDD-SFF
431935-B21,HDD-SFF
431944-B21,HDD-LFF
431950-B21,HDD-SCSI
431958-B21,HDD-SFF
432333-B21,CPU
432811-B21,CPU
433098-B21,CPU
433100-B21,CPU
433102-B21,CPU
433104-B21,CPU
433148-B21,CPU
433253-B21,CPU
433522-B21,CPU
433634-B21,Power Supply
434905-B21,Adapter
434933-B21,CPU
434943-B21,CPU
434945-B21,CPU
434947-B21,CPU
435014-B21,CPU
435129-B21,Controller
435508-B21,Adapter
435512-B21,CPU
435513-B21,CPU
435562-B21,CPU
435563-B21,CPU
435564-B21,CPU
435565-B21,CPU
435568-B21,CPU
435569-B21,CPU
435570-B21,CPU
435571-B21,CPU
435576-B21,CPU
435577-B21,CPU
435578-B21,CPU
435579-B21,CPU
435640-B21,Memory
435934-B21,CPU
435950-B21,CPU
435952-B21,CPU
435954-B21,CPU
435956-B21,CPU
435958-B21,CPU
436013-B21,CPU
436015-B21,CPU
436460-B21,CPU
436649-B21,HDD-SFF
437391-B21,CPU
437444-B21,CPU
437572-B21,Power Supply
437573-B21,Power Supply
437903-B21,CPU
437905-B21,CPU
437939-B21,CPU
437940-B21,CPU
437941-B21,CPU
437943-B21,CPU
438090-B21,CPU
438091-B21,CPU
438092-B21,CPU
438093-B21,CPU
438100-B21,CPU
438101-B21,CPU
438218-B21,CPU
438222-B21,CPU
438314-B21,CPU
438820-B21,CPU
438824-B21,CPU
438825-B21,CPU
439188-B21,CPU
439189-B21,CPU
439728-B21,CPU
440721-B21,CPU
440763-B21,CPU
440910-B21,Adapter
440936-B21,CPU
441394-B21,Power Supply
442819-B21,HDD-SFF
442992-B21,CPU
442995-B21,CPU
443691-B21,CPU
443692-B21,CPU
443693-B21,CPU
443743-B21,CPU
443744-B21,CPU
443752-B21,CPU
443753-B21,CPU
445106-B21,CPU
445560-B21,CPU
445575-B21,CPU
445971-B21,CPU
445974-B21,CPU
445978-B21,Adapter
445981-B21,CPU
445983-B21,CPU
445985-B21,Backplane Kit
445986-B21,Riser Kit
445987-B21,Riser Kit
446077-B21,CPU
446079-B21,CPU
446085-B21,CPU
446587-B21,CPU
447047-B21,Adapter
447123-B21,CPU
447125-B21,CPU
447326-B21,Optical Drive
447328-B21,Optical Drive
447600-B21,CPU
447602-B21,CPU
447604-B21,CPU
447702-B21,CPU
447703-B21,CPU
447704-B21,CPU
447705-B21,CPU
447883-B21,Adapter
447977-B21,CPU
447978-B21,CPU
448184-B21,CPU
448192-B21,CPU
448193-B21,CPU
448194-B21,CPU
448195-B21,CPU
448365-B21,CPU
448369-B21,CPU
448371-B21,CPU
448373-B21,CPU
449113-B21,CPU
449115-B21,CPU
449117-B21,CPU
449119-B21,CPU
449121-B21,CPU
449321-B21,CPU
449774-B21,CPU
449776-B21,CPU
450321-B21,CPU
450341-B21,Riser Kit
450359-B21,CPU
450360-B21,CPU
450454-B21,CPU
450961-B21,CPU
450963-B21,CPU
451285-B21,Riser Kit
451366-B21,Power Supply
451649-B21,CPU
451813-B21,CPU
451999-B21,CPU
452130-B21,Cable Kit
452179-B21,Memory
452640-B21,CPU
452698-B21,Riser Kit
452997-B21,CPU
453043-B21,CPU
453188-B21,CPU
453190-B21,CPU
453246-B21,Adapter
453434-B21,CPU
453435-B21,CPU
453441-B21,CPU
453475-B21,CPU
453527-B21,CPU
453609-B21,CPU
453611-B21,CPU
453809-B21,CPU
454146-B21,HDD-LFF
454232-B21,HDD-LFF
454234-B21,HDD-LFF
454907-B21,CPU
455068-B21,CPU
455069-B21,CPU
455070-B21,CPU
455071-L21,CPU
455072-B21,CPU
455419-B21,CPU
455420-B21,CPU
455421-B21,CPU
455422-B21,CPU
455423-B21,CPU
455424-B21,CPU
455880-B21,Adapter
456883-B21,CPU
456908-B21,CPU
457239-B21,CPU
457557-B21,CPU
457929-B21,CPU
457931-B21,CPU
457933-B21,CPU
457935-B21,CPU
457937-B21,CPU
457939-B21,CPU
457941-B21,CPU
457943-B21,CPU
457945-B21,CPU
457947-B21,CPU
457949-B21,CPU
458257-B21,CPU
458259-B21,CPU
458265-B21,CPU
458267-B21,CPU
458269-B21,CPU
458310-001,Power Supply
458310-B21,Power Supply
458312-B21,Cage Kit
458408-B21,CPU
458410-B21,CPU
458412-B21,CPU
458414-B21,CPU
458416-B21,CPU
458418-B21,CPU
458420-B21,CPU
458422-B21,CPU
458492-B21,Adapter
458575-B21,CPU
458577-B21,CPU
458579-B21,CPU
458581-B21,CPU
458583-B21,CPU
458585-B21,CPU
458725-B21,CPU
458784-B21,CPU
458785-B21,CPU
458786-B21,CPU
458787-B21,CPU
458924-B21,HDD-SFF
458926-B21,HDD-LFF
458928-B21,HDD-LFF
458930-B21,HDD-LFF
458932-B21,CPU
458933-B21,CPU
458939-B21,HDD-LFF
458941-B21,HDD-LFF
458945-B21,HDD-LFF
458947-B21,HDD-LFF
459142-B21,CPU
459357-B21,HDD-SFF
459489-B21,CPU
459490-B21,CPU
459491-B21,CPU
459492-B21,CPU
459493-B21,CPU
459494-B21,CPU
459501-B21,CPU
459502-B21,CPU
459503-B21,CPU
459504-B21,CPU
459505-B21,CPU
459506-B21,CPU
459507-B21,CPU
459508-B21,HDD-LFF
459973-B21,CPU
460355-B21,HDD-SFF
460357-B21,HDD-SFF
460497-B21,CPU
461135-B21,HDD-LFF
461137-B21,HDD-LFF
461201-B21,SSD-SFF
461203-B21,SSD-SFF
461461-B21,CPU
461463-B21,CPU
461465-B21,CPU
461623-B21,CPU
461624-B21,CPU
461625-B21,CPU
461765-B21,CPU
462465-B21,CPU
462593-B21,CPU
462595-B21,HDD-LFF
462711-B21,CPU
462828-B21,Memory
462830-B21,Controller
462832-B21,Controller
462834-B21,Controller
462858-B21,CPU
462862-B21,Controller
462864-B21,Controller
462876-B21,CPU
462877-B21,CPU
463038-B21,CPU
463056-B21,CPU
463058-B21,CPU
463076-B21,CPU
463968-B21,CPU
464210-B21,CPU
464271-B21,Riser Kit
464885-B21,CPU
464886-B21,CPU
464887-B21,CPU
464888-B21,CPU
464889-B21,CPU
464890-B21,CPU
464891-B21,CPU
464892-B21,CPU
464893-B21,CPU
464894-B21,CPU
464895-B21,CPU
465324-B21,CPU
465326-B21,CPU
466106-B21,CPU
466650-B21,CPU
466652-B21,CPU
466654-B21,CPU
466656-B21,CPU
466658-B21,CPU
466660-B21,CPU
466663-B21,CPU
466665-B21,CPU
466669-B21,CPU
467799-B21,Adapter
467801-B21,Adapter
468118-B21,CPU
468119-B21,CPU
468120-B21,CPU
468121-B21,CPU
468332-B21,Adapter
468547-B21,CPU
481041-B21,Optical Drive
481043-B21,Optical Drive
481045-B21,Optical Drive
481047-B21,Optical Drive
482830-B21,Controller
483266-B21,CPU
483399-B21,Memory
483401-B21,Memory
483403-B21,Memory
483895-B21,CPU
484299-B21,Controller
484309-B21,CPU
484310-B21,CPU
484311-B21,CPU
487204-B21,Controller
487373-B21,CPU
487375-B21,CPU
487377-B21,CPU
487378-B21,CPU
487380-B21,CPU
487511-B21,CPU
487513-B21,CPU
487734-B21,Cable Kit
487737-B21,Cage Kit
487901-B21,CPU
487936-B21,Cage Kit
488039-B21,CPU
488069-B21,TPM
488074-B21,Adapter
488074-B22,Adapter
488230-B21,Riser Kit
488413-B21,Riser Kit
488765-B21,Adapter
489892-B21,Adapter
490457-B21,CPU
490459-B21,CPU
490461-B21,CPU
490833-B21,CPU
491310-B21,CPU
491341-B21,CPU
491343-B21,CPU
491507-B21,CPU
491511-B21,CPU
492086-B21,CPU
492131-B21,CPU
492136-B21,CPU
492232-B21,CPU
492234-B21,CPU
492237-B21,CPU
492239-B21,CPU
492244-B21,CPU
492308-B21,CPU
492309-B21,CPU
492620-B21,HDD-SFF
493216-B21,CPU
493457-B21,CPU
493459-B21,CPU
493461-B21,CPU
493764-B21,CPU
494262-B21,CPU
494264-B21,CPU
494267-B21,CPU
494322-B21,Riser Kit
494323-B21,Riser Kit
494326-B21,Riser Kit
495479-B21,CPU
495604-B21,Memory
495605-B21,Memory
495612-B21,CPU
495614-B21,CPU
495616-B21,CPU
495902-B21,CPU
495904-B21,CPU
495906-B21,CPU
495908-B21,CPU
495910-B21,CPU
495912-B21,CPU
495914-B21,CPU
495916-B21,CPU
495918-B21,CPU
495920-B21,CPU
495928-B21,CPU
495930-B21,CPU
495932-B21,CPU
495934-B21,CPU
495936-B21,CPU
495938-B21,CPU
495940-B21,CPU
495942-B21,CPU
495944-B21,CPU
495946-B21,CPU
497763-B21,Memory
497765-B21,Memory
497767-B21,Memory
499047-B21,CPU
500025-B21,CPU
500042-B21,CPU
500044-B21,CPU
500049-B21,CPU
500051-B21,CPU
500056-B21,CPU
500058-B21,CPU
500060-B21,CPU
500062-B21,CPU
500064-B21,CPU
500085-B21,CPU
500087-B21,CPU
500089-B21,CPU
500094-B21,CPU
500104-B21,CPU
500172-B21,Power Supply
500535-B21,CPU
500537-B21,CPU
500579-B21,Riser Kit
500580-B21,Riser Kit
500672-B21,Memory
500809-B21,CPU
500813-B21,CPU
502473-B21,CPU
502474-B21,CPU
502475-B21,CPU
502476-B21,CPU
502652-B21,CPU
503296-B21,Power Supply
503582-B21,CPU
503583-B21,CPU
503584-B21,CPU
503585-B21,CPU
503746-B21,Adapter
504062-B21,HDD-SFF
504351-B21,Memory
504540-B21,CPU
504775-B21,CPU
504777-B21,CPU
505511-B21,CPU
505513-B21,CPU
505639-B21,CPU
505878-B21,CPU
505880-B21,CPU
505882-B21,CPU
505884-B21,CPU
505886-B21,CPU
506157-B21,CPU
506841-B21,CPU
506924-B21,HDD-LFF
507125-B21,HDD-SFF
507127-B21,HDD-SFF
507340-B21,CPU
507528-B21,CPU
507530-B21,CPU
507610-B21,HDD-SFF
507614-B21,HDD-LFF
507616-B21,HDD-LFF
507663-B21,CPU
507674-B21,CPU
507676-B21,CPU
507678-B21,CPU
507680-B21,CPU
507682-B21,CPU
507720-B21,CPU
507721-B21,CPU
507722-B21,CPU
507750-B21,HDD-SFF
507753-B21,HDD-SFF
507791-B21,CPU
507792-B21,CPU
507793-B21,CPU
507794-B21,CPU
507795-B21,CPU
507797-B21,CPU
507798-B21,CPU
507799-B21,CPU
507800-B21,CPU
507801-B21,CPU
507802-B21,CPU
507803-B21,Cage Kit
507810-B21,Backplane Kit
507847-B21,CPU
507848-B21,CPU
507849-B21,CPU
507889-B21,CPU
507890-B21,CPU
507891-B21,CPU
507925-B21,Controller
508107-B21,Fan Kit
508201-B21,CPU
508226-B21,Controller
508231-B21,CPU
508232-B21,HDD-LFF
508341-B21,CPU
508342-B21,CPU
508343-B21,CPU
508344-B21,CPU
508544-B21,Enablement Kit
508864-B21,CPU
508867-B21,CPU
508869-B21,CPU
508872-B21,CPU
509319-B21,CPU
509322-B21,CPU
509327-B21,CPU
510145-B21,CPU
510148-B21,CPU
510150-B21,CPU
512327-B21,Power Supply
512545-B21,HDD-SFF
512547-B21,HDD-SFF
512711-B21,CPU
512712-B21,CPU
512713-B21,CPU
512714-B21,CPU
512715-B21,CPU
512716-B21,CPU
513168-B21,Cage Kit
513602-B21,CPU
513603-B21,CPU
513859-B21,CPU
513927-B21,Fan Kit
515081-B21,Fan Kit
515101-B21,CPU
516009-B21,Fan Kit
516050-B21,CPU
516052-B21,CPU
516257-B21,CPU
516259-B21,CPU
516814-B21,HDD-LFF
516816-B21,HDD-LFF
516824-B21,HDD-LFF
516826-B21,HDD-LFF
516828-B21,HDD-LFF
516830-B21,HDD-LFF
516936-B21,Adapter
516937-B21,Adapter
516966-B21,Backplane Kit
518824-B21,Riser Kit
518852-B21,CPU
518855-B21,CPU
518860-B21,CPU
518863-B21,CPU
518868-B21,CPU
518871-B21,CPU
518874-B21,CPU
519232-B21,CPU
519235-B21,CPU
519238-B21,CPU
519240-B21,CPU
530888-B21,HDD-SFF
530891-B21,HDD-SFF
532092-B21,Power Supply
532314-B21,CPU
532318-B21,CPU
533916-B21,CPU
533918-B21,CPU
534505-B21,CPU
534506-B21,CPU
534507-B21,CPU
534508-B21,CPU
535674-B21,CPU
535675-B21,CPU
535676-B21,CPU
535677-B21,CPU
535682-B21,CPU
536530-B21,CPU
536769-B21,Cable Kit
537805-B21,HDD-SFF
537807-B21,HDD-SFF
537809-B21,HDD-SFF
538082-B21,Fan Kit
538696-B21,Adapter
538757-B21,CPU
539198-B21,CPU
539200-B21,CPU
539252-B21,CPU
539254-B21,CPU
539256-B21,CPU
539260-B21,CPU
539266-B21,CPU
539792-B21,CPU
539795-B21,CPU
539798-B21,CPU
539805-B21,CPU
539808-B21,CPU
539812-B21,CPU
539816-B21,CPU
539819-B21,CPU
539821-B21,CPU
539847-B21,CPU
539848-B21,CPU
539849-B21,CPU
539857-B21,Adapter
570113-B21,CPU
570115-B21,CPU
570117-B21,CPU
570119-B21,CPU
570450-B21,CPU
570456-B21,CPU
570481-B21,CPU
570483-B21,CPU
570485-B21,CPU
570804-B21,CPU
571232-B21,HDD-LFF
571408-B21,Riser Kit
571696-B21,CPU
571698-B21,CPU
571703-B21,CPU
571705-B21,CPU
572071-B21,SSD-SFF
572073-B21,SSD-SFF
572138-B21,CPU
572140-B21,CPU
572142-B21,CPU
572219-B21,CPU
572221-B21,CPU
572373-B21,CPU
572531-B21,Controller
572532-B21,Controller
573893-B21,CPU
573895-B21,CPU
574001-B21,Cable Kit
574021-B21,HDD-LFF
574023-B21,HDD-LFF
574025-B21,HDD-LFF
574551-B21,Blank Kit
574755-B21,HDD-LFF
574758-B21,HDD-LFF
574761-B21,HDD-LFF
574806-B21,Riser Kit
574879-B21,HDD-SFF
574893-B21,HDD-SFF
574953-B21,HDD-SFF
575156-B21,Cable Kit
575259-B21,CPU
575260-B21,CPU
575261-B21,CPU
575489-B21,Optical Drive
576216-B21,CPU
578229-B21,Controller
578230-B21,Controller
578322-B21,Power Supply
578388-B21,CPU
580151-B21,Adapter
581201-B21,Adapter
581204-B21,Adapter
581284-B21,HDD-SFF
581286-B21,HDD-SFF
581783-B21,Riser Kit
581785-B21,Riser Kit
583106-B21,CPU
583109-B21,CPU
583133-B21,CPU
583379-B21,CPU
583381-B21,CPU
583383-B21,CPU
583437-B21,Power Supply
583997-B21,Cable Kit
585320-B21,CPU
585322-B21,CPU
585324-B21,CPU
585326-B21,CPU
585328-B21,CPU
585330-B21,CPU
585332-B21,CPU
585980-B21,HDD-LFF
586585-B21,SSD-SFF
586587-B21,SSD-SFF
586601-B21,CPU
587476-B21,CPU
587478-B21,CPU
587480-B21,CPU
587482-B21,CPU
587491-B21,CPU
587493-B21,CPU
587495-B21,CPU
587498-B21,CPU
587500-B21,CPU
587505-B21,CPU
587507-B21,CPU
588062-B21,CPU
588064-B21,CPU
588066-B21,CPU
588068-B21,CPU
588070-B21,CPU
588072-B21,CPU
588074-B21,CPU
588076-B21,CPU
588078-B21,CPU
588080-B21,CPU
588141-B21,Memory
588143-B21,CPU
588145-B21,CPU
588150-B21,CPU
588152-B21,CPU
588154-B21,CPU
588156-B21,CPU
588189-B21,CPU
588191-B21,CPU
588193-B21,CPU
589073-B21,CPU
589075-B21,CPU
589077-B21,CPU
589082-B21,CPU
589084-B21,CPU
589086-B21,CPU
589088-B21,CPU
589090-B21,CPU
589234-B21,Cable Kit
590698-B21,HDD-SFF
591892-B21,CPU
591896-B21,CPU
591898-B21,CPU
591900-B21,CPU
591904-B21,CPU
591906-B21,CPU
591912-B21,CPU
591923-B21,CPU
592019-B21,CPU
592033-B21,CPU
592035-B21,CPU
592037-B21,CPU
592040-B21,CPU
592042-B21,CPU
592044-B21,CPU
592047-B21,CPU
592049-B21,CPU
592051-B21,CPU
592052-B21,CPU
592054-B21,CPU
592056-B21,CPU
592059-B21,CPU
592062-B21,CPU
592064-B21,CPU
592066-B21,CPU
592069-B21,CPU
592071-B21,CPU
592168-B21,CPU
592172-B21,CPU
592174-B21,CPU
592176-L21,CPU
592306-B21,CPU
592308-B21,CPU
592325-B21,CPU
592327-B21,CPU
592774-B21,Rail Kit
593114-B21,Fan Kit
593188-B21,Power Supply
593339-B21,Memory
593675-B21,CPU
593717-B21,Adapter
593722-B21,Adapter
593831-B21,Power Supply
593907-B21,Memory
593911-B21,Memory
593913-B21,Memory
593915-B21,Memory
593921-B21,Memory
593923-B21,Memory
595245-B21,CPU
595608-B21,CPU
595610-B21,CPU
595726-B21,CPU
595727-B21,CPU
595729-B21,CPU
595826-B21,CPU
595827-B21,CPU
596199-B21,CPU
596201-B21,CPU
596207-B21,CPU
597868-B21,CPU
597869-B21,CPU
597870-B21,CPU
597871-B21,CPU
599108-B21,Rail Kit
599109-B21,Rail Kit
601110-B21,CPU
601111-B21,CPU
601112-B21,CPU
601113-B21,CPU
601115-B21,CPU
601116-B21,CPU
601118-B21,CPU
601351-B21,CPU
601353-B21,CPU
601355-B21,CPU
601357-B21,CPU
601459-B21,CPU
601946-B21,Rail Kit
603589-B21,CPU
603600-B21,CPU
603603-B21,CPU
603606-B21,CPU
603608-B21,CPU
603610-B21,CPU
603612-B21,CPU
604500-B21,Memory
604502-B21,Memory
604504-B21,Memory
604506-B21,Memory
605835-B21,HDD-SFF
607248-B21,Cage Kit
609132-B21,CPU
609136-B21,CPU
609140-B21,CPU
609142-B21,CPU
610609-B21,Adapter
611140-B21,CPU
611141-B21,CPU
611142-B21,CPU
611143-B21,CPU
611144-B21,CPU
611145-B21,CPU
611146-B21,CPU
611147-B21,CPU
611148-B21,CPU
611149-B21,CPU
611150-B21,CPU
612207-B21,Cable Kit
612468-B21,CPU
612892-B21,CPU
613431-B21,Adapter
614203-B21,Adapter
614547-B21,CPU
614839-B21,Riser Kit
614840-B21,Riser Kit
614841-B21,Enablement Kit
615135-B21,HDD-LFF
615418-B21,Controller
615729-B21,Adapter
615732-B21,Adapter
617854-B21,CPU
617856-B21,Fan Kit
617858-B21,Fan Kit
618883-B21,CPU
619291-B21,HDD-SFF
619488-B21,Memory
620000-B21,Enablement Kit
621024-B21,Cable Kit
622372-B21,Blank Kit
624189-B21,Optical Drive
625031-B21,HDD-LFF
625034-B21,Enablement Kit
625609-B21,HDD-SFF
627117-B21,HDD-SFF
627632-B21,HDD-SFF
627808-B21,Memory
627810-B21,Memory
627812-B21,Memory
627814-B21,Memory
628033-B21,HDD-SFF
628061-B21,HDD-LFF
628065-B21,HDD-LFF
629135-B21,Adapter
629135-B22,Adapter
629138-B21,Adapter
629142-B21,Adapter
630839-B21,CPU
631465-B21,CPU
631468-B21,CPU
631477-B21,CPU
631487-B21,CPU
631489-B21,CPU
631667-B21,Controller
631670-B21,Controller
631671-B21,Controller
631673-B21,Controller
631674-B21,Controller
631884-B21,Adapter
632078-B21,HDD-SFF
632080-B21,HDD-SFF
633410-B21,CPU
633412-B21,CPU
633414-B21,CPU
633416-B21,CPU
633420-B21,CPU
633442-B21,CPU
633444-B21,CPU
634970-B21,CPU
634973-B21,CPU
634978-B21,CPU
634983-B21,CPU
636609-B21,SSD-LFF
636621-B21,SSD-SFF
636623-B21,SSD-SFF
636625-B21,SSD-SFF
636673-B21,Power Supply
637464-B21,Enablement Kit
638013-B21,CPU
638015-B21,CPU
638017-B21,CPU
638019-B21,CPU
638021-B21,CPU
638859-B21,CPU
638861-B21,CPU
638863-B21,CPU
638878-B21,CPU
638884-B21,CPU
644160-B21,Adapter
644161-B21,Adapter
644161-B22,Adapter
644172-B21,Memory
647274-B21,HDD-LFF
647581-B21,Adapter
647586-B21,Adapter
647590-B21,Adapter
647594-B21,Adapter
647869-B21,Memory
647871-B21,Memory
647871-S21,Memory
647873-B21,Memory
647875-B21,Memory
647877-B21,Memory
647877-S21,Memory
647879-B21,Memory
647881-B21,Memory
647883-B21,Memory
647883-S21,Memory
647885-B21,Memory
647893-B21,Memory
647895-B21,Memory
647897-B21,Memory
647899-B21,Memory
647901-B21,Memory
647903-B21,Memory
647905-B21,Memory
647907-B21,Memory
647909-B21,Memory
649281-B21,Adapter
649282-B21,Adapter
649283-B21,Adapter
650072-B21,Controller
650926-B21,Adapter
650931-B21,Adapter
650933-B21,Adapter
651281-B21,Adapter
652232-B21,Optical Drive
652235-B21,Optical Drive
652238-B21,Optical Drive
652241-B21,Optical Drive
652497-B21,Adapter
652500-B21,Adapter
652503-B21,Adapter
652564-B21,HDD-SFF
652572-B21,HDD-SFF
652583-B21,HDD-SFF
652589-B21,HDD-SFF
652597-B21,HDD-SFF
652605-B21,HDD-SFF
652611-B21,HDD-SFF
652615-B21,HDD-LFF
652620-B21,HDD-LFF
652745-B21,HDD-SFF
652749-B21,HDD-SFF
652753-B21,HDD-LFF
652757-B21,HDD-LFF
652766-B21,HDD-LFF
653078-B21,SSD-SFF
653082-B21,SSD-SFF
653105-B21,SSD-SFF
653109-B21,SSD-SFF
653112-B21,SSD-SFF
653118-B21,SSD-SFF
653120-B21,SSD-SFF
653122-B21,SSD-LFF
653124-B21,SSD-LFF
653126-B21,SSD-LFF
653206-B21,Riser Kit
653208-B21,Riser Kit
653214-B21,Riser Kit
654408-B21,CPU
654410-B21,CPU
654412-B21,CPU
654414-B21,CPU
654416-B21,CPU
654418-B21,CPU
654420-B21,CPU
654422-B21,CPU
654424-B21,CPU
654430-B21,CPU
654432-B21,CPU
654434-B21,CPU
654712-B21,CPU
654714-B21,CPU
654716-B21,CPU
654718-B21,CPU
654720-B21,CPU
654722-B21,CPU
654724-B21,CPU
654726-B21,CPU
654728-B21,CPU
654764-B21,CPU
654766-B21,CPU
654768-B21,CPU
654770-B21,CPU
654772-B21,CPU
654774-B21,CPU
654776-B21,CPU
654778-B21,CPU
654780-B21,CPU
654782-B21,CPU
654784-B21,CPU
654786-B21,CPU
654789-B21,CPU
654791-B21,CPU
655615-B21,HDD-SFF
655618-B21,HDD-SFF
655624-B21,HDD-LFF
655636-B21,Controller
655639-B21,Adapter
655708-B21,HDD-SFF
655708-S21,HDD-SFF
655710-B21,HDD-SFF
655710-S21,HDD-SFF
655874-B21,Adapter
655915-B21,Adapter
655933-B21,Adapter
655935-B21,Adapter
656362-B21,Power Supply
656363-B21,Power Supply
656364-B21,Power Supply
656590-B21,Adapter
656596-B21,Adapter
657750-B21,HDD-LFF
657750-S21,HDD-LFF
658071-B21,HDD-LFF
658071-S21,HDD-LFF
658079-B21,HDD-LFF
658478-B21,SSD-SFF
659337-B21,HDD-LFF
659339-B21,HDD-LFF
659341-B21,HDD-LFF
659349-B21,HDD-LFF
659484-B21,Cage Kit
659485-B21,Cage Kit
659486-B21,Fan Kit
659818-B21,Adapter
660079-B21,CPU
660080-B21,CPU
660081-B21,CPU
660595-B21,CPU
660596-B21,CPU
660597-B21,CPU
660598-B21,CPU
660599-B21,CPU
660600-B21,CPU
660601-B21,CPU
660602-B21,CPU
660603-B21,CPU
660604-B21,CPU
660605-B21,CPU
660606-B21,CPU
660607-B21,CPU
660608-B21,CPU
660650-B21,CPU
660652-B21,CPU
660656-B21,CPU
660658-B21,CPU
660660-B21,CPU
660664-B21,CPU
660666-B21,CPU
660668-B21,CPU
660670-B21,CPU
661118-B21,CPU
661120-B21,CPU
661124-B21,CPU
661126-B21,CPU
661128-B21,CPU
661132-B21,CPU
661134-B21,CPU
661136-B21,CPU
661138-B21,CPU
661389-B21,Adapter
661404-B21,Riser Kit
661530-B21,Fan Kit
661618-B21,Cage Kit
661628-B21,Riser Kit
661714-B21,HDD-SFF
661717-B21,HDD-LFF
662063-B21,CPU
662064-B21,CPU
662065-B21,CPU
662066-B21,CPU
662067-B21,CPU
662068-B21,CPU
662069-B21,CPU
662070-B21,CPU
662072-B21,CPU
662076-B21,CPU
662077-B21,CPU
662078-B21,CPU
662079-B21,CPU
662214-B21,CPU
662216-B21,CPU
662224-B21,CPU
662226-B21,CPU
662228-B21,CPU
662240-B21,CPU
662242-B21,CPU
662244-B21,CPU
662246-B21,CPU
662248-B21,CPU
662250-B21,CPU
662252-B21,CPU
662254-B21,CPU
662256-B21,CPU
662319-B21,CPU
662320-B21,CPU
662321-B21,CPU
662322-B21,CPU
662323-B21,CPU
662324-B21,CPU
662325-B21,CPU
662326-B21,CPU
662327-B21,CPU
662330-B21,CPU
662331-B21,CPU
662332-B21,CPU
662334-B21,CPU
662335-B21,CPU
662336-B21,CPU
662337-B21,CPU
662338-B21,CPU
662339-B21,CPU
662340-B21,CPU
662341-B21,CPU
662342-B21,CPU
662345-B21,CPU
662346-B21,CPU
662347-B21,CPU
662883-B21,Cage Kit
662921-B21,CPU
662922-B21,CPU
662923-B21,CPU
662924-B21,CPU
662925-B21,CPU
662926-B21,CPU
662927-B21,CPU
662928-B21,CPU
662929-B21,CPU
662930-B21,CPU
662931-B21,CPU
662932-B21,CPU
662933-B21,CPU
662963-B21,Cable Kit
662965-B21,Cable Kit
663201-B21,Rail Kit
663202-B21,Rail Kit
663203-B21,Cable Kit
663282-B21,Adapter
663478-B21,Rail Kit
663480-B21,Rail Kit
664009-B21,Cable Kit
664011-B21,CPU
664046-B21,Enablement Kit
665240-B21,Adapter
665243-B21,Adapter
665246-B21,Adapter
665249-B21,Adapter
665862-B21,CPU
665864-B21,CPU
665866-B21,CPU
665868-B21,CPU
665870-B21,CPU
665879-B21,CPU
666029-B21,CPU
666509-B21,CPU
666986-B21,HDD-LFF
666987-B21,HDD-SFF
667372-B21,CPU
667373-B21,CPU
667374-B21,CPU
667375-B21,CPU
667376-B21,CPU
667421-B21,CPU
667422-B21,CPU
667423-B21,CPU
667424-B21,CPU
667803-B21,CPU
667804-B21,CPU
667805-B21,CPU
667855-B21,Fan Kit
668295-B21,HDD-SFF
668863-B21,CPU
669320-B21,Memory
669322-B21,Memory
669324-B21,Memory
669777-B21,Cable Kit
670277-B21,Enablement Kit
670279-B21,Enablement Kit
670564-B21,Enablement Kit
672242-B21,Cable Kit
672250-B21,Cable Kit
672621-B21,HDD-LFF
672631-B21,Memory
672633-B21,Memory
674764-B21,Adapter
674839-B21,Backplane Kit
674841-B21,Cage Kit
675092-B21,CPU
675843-B21,Enablement Kit
675856-B21,Cable Kit
676895-B21,Cable Kit
677551-B21,CPU
678242-B21,CPU
678244-B21,CPU
678901-B21,CPU
678903-B21,CPU
678905-B21,CPU
679098-B21,CPU
679100-B21,CPU
679102-B21,CPU
679104-B21,CPU
679106-B21,CPU
679108-B21,CPU
679110-B21,CPU
679112-B21,CPU
679991-B21,Enablement Kit
684066-B21,Memory
684373-B21,CPU
684379-B21,CPU
684527-B21,HDD-LFF
684532-B21,Power Supply
684539-B21,Power Supply
685018-B21,Cable Kit
686166-B21,CPU
686169-B21,CPU
686822-B21,CPU
686824-B21,CPU
686826-B21,CPU
686832-B21,CPU
686834-B21,CPU
686834-S21,CPU
686843-B21,CPU
686843-S21,CPU
686845-B21,CPU
686847-B21,CPU
686868-B21,CPU
686869-B21,CPU
686870-B21,CPU
686879-B21,CPU
686881-B21,CPU
690802-B21,Memory
690821-B21,SSD-SFF
690823-B21,SSD-SFF
690825-B21,SSD-SFF
690827-B21,SSD-SFF
690829-B21,SSD-SFF
691852-B21,SSD-LFF
691854-B21,SSD-LFF
691856-B21,SSD-LFF
691860-B21,SSD-LFF
691862-B21,SSD-SFF
691864-B21,SSD-SFF
691866-B21,SSD-SFF
691868-B21,SSD-SFF
693648-B21,HDD-SFF
693687-B21,HDD-LFF
693689-B21,HDD-LFF
695510-B21,HDD-LFF
695793-B21,Memory
697572-B21,HDD-SFF
697574-B21,HDD-SFF
697581-B21,Power Supply
697954-B21,HDD-LFF
697956-B21,HDD-LFF
698529-B21,Controller
698530-B21,Controller
698531-B21,Controller
698532-B21,Controller
698533-B21,Controller
698835-B21,HDD-SFF
699048-B21,CPU
699049-B21,CPU
699050-B21,CPU
699051-B21,CPU
699052-B21,CPU
699053-B21,CPU
699054-B21,CPU
699055-B21,CPU
699056-B21,CPU
700065-B21,Adapter
700076-B21,Adapter
700699-B21,Adapter
700741-B21,Adapter
700748-B21,Adapter
700751-B21,Adapter
700759-B21,Adapter
700763-B21,Adapter
700767-B21,Adapter
700838-B21,Memory
702211-B21,Adapter
702213-B21,Adapter
703939-B21,CPU
703941-B21,CPU
703943-B21,CPU
703946-B21,CPU
703950-B21,CPU
703952-B21,CPU
703954-B21,CPU
703958-B21,CPU
703960-B21,CPU
703962-B21,CPU
708481-B21,CPU
708483-B21,CPU
708485-B21,CPU
708487-B21,CPU
708489-B21,CPU
708491-B21,CPU
708493-B21,CPU
708495-B21,CPU
708497-B21,CPU
708631-B21,Memory
708633-B21,Memory
708635-B21,Memory
708637-B21,Memory
708639-B21,Memory
708641-B21,Memory
708643-B21,Memory
709486-B21,CPU
709487-B21,CPU
709488-B21,CPU
709490-B21,CPU
709491-B21,CPU
709492-B21,CPU
709493-B21,CPU
710608-B21,Adapter
711951-B21,Enablement Kit
712504-B21,CPU
712506-B21,CPU
712508-B21,CPU
712724-B21,CPU
712726-B21,CPU
712731-B21,CPU
712733-B21,CPU
712735-B21,CPU
712741-B21,CPU
712743-B21,CPU
712745-B21,CPU
712771-B21,CPU
712773-B21,CPU
712775-B21,CPU
712777-B21,CPU
712779-B21,CPU
712781-B21,CPU
713975-B21,Memory
713977-B21,Memory
713979-B21,Memory
713981-B21,Memory
713983-B21,Memory
713984-B21,Memory
713985-B21,Memory
715214-B21,CPU
715215-B21,CPU
715216-B21,CPU
715217-B21,CPU
715218-B21,CPU
715219-B21,CPU
715220-B21,CPU
715221-B21,CPU
715222-B21,CPU
715223-B21,CPU
715224-B21,CPU
715225-B21,CPU
715226-B21,CPU
715227-B21,CPU
715228-B21,CPU
715229-B21,CPU
715230-B21,CPU
716324-B21,Memory
716591-B21,Adapter
717362-B21,Power Supply
717364-B21,Power Supply
717491-B21,Adapter
717965-B21,SSD-SFF
717969-B21,SSD-SFF
717971-B21,SSD-SFF
717973-B21,SSD-SFF
718045-B21,CPU
718054-B21,CPU
718055-B21,CPU
718056-B21,CPU
718057-B21,CPU
718160-B21,HDD-SFF
718162-B21,HDD-SFF
718164-B21,HDD-SFF
718171-B21,SSD-LFF
718177-B21,SSD-LFF
718183-B21,SSD-LFF
718189-B21,SSD-LFF
718358-B21,CPU
718359-B21,CPU
718360-B21,CPU
718361-B21,CPU
718362-B21,CPU
718364-B21,CPU
718365-B21,CPU
718366-B21,CPU
718367-B21,CPU
718368-B21,CPU
718904-B21,Adapter
718935-B21,Adapter
718939-B21,Adapter
719044-B21,CPU
719044-L21,CPU
719046-B21,CPU
719048-B21,CPU
719049-B21,CPU
719050-B21,CPU
719051-B21,CPU
719052-B21,CPU
719053-B21,CPU
719054-B21,CPU
719055-B21,CPU
719056-B21,CPU
719057-B21,CPU
719058-B21,CPU
719059-B21,CPU
719060-B21,CPU
719067-B21,Cage Kit
719073-B21,Riser Kit
719076-B21,Riser Kit
719079-B21,Fan Kit
719082-B21,Enablement Kit
720478-B21,Power Supply
720479-B21,Power Supply
720480-B21,Power Supply
720482-B21,Power Supply
720484-B21,Power Supply
720620-B21,Power Supply
720863-B21,Rail Kit
720864-B21,Rail Kit
720865-B21,Cable Kit
722284-B21,CPU
722285-B21,CPU
722287-B21,CPU
722301-B21,CPU
722303-B21,CPU
722304-B21,CPU
722305-B21,CPU
724567-B21,CPU
724569-B21,CPU
724571-B21,CPU
724573-B21,CPU
724575-B21,CPU
724865-B21,Media Bay Kit
725569-B21,Riser Kit
725570-B21,Riser Kit
725571-B21,Fan Kit
725572-B21,HDD-SFF
725574-B21,Enablement Kit
725576-B21,Adapter
725577-B21,Cable Kit
725578-B21,Cable Kit
725582-B21,Enablement Kit
725586-B21,Riser Kit
725587-B21,Fan Kit
725590-B21,Cable Kit
725593-B21,Cable Kit
725594-B21,Enablement Kit
725878-B21,Fan Kit
725937-B21,CPU
725938-B21,CPU
725939-B21,CPU
725940-B21,CPU
725941-B21,CPU
725942-B21,CPU
725943-B21,CPU
725944-B21,CPU
726536-B21,Optical Drive
726537-B21,Optical Drive
726545-B21,Cage Kit
726547-B21,Cage Kit
726561-B21,Cage Kit
726636-B21,CPU
726636-L21,CPU
726639-B21,CPU
726639-L21,CPU
726642-B21,CPU
726642-L21,CPU
726645-B21,CPU
726645-L21,CPU
726648-B21,CPU
726648-L21,CPU
726651-B21,CPU
726651-L21,CPU
726654-B21,CPU
726654-L21,CPU
726658-B21,CPU
726658-L21,CPU
726661-B21,CPU
726661-L21,CPU
726664-B21,CPU
726664-L21,CPU
726668-L21,CPU
726671-B21,CPU
726671-L21,CPU
726674-B21,CPU
726674-L21,CPU
726677-B21,CPU
726677-L21,CPU
726680-L21,CPU
726683-B21,CPU
726683-L21,CPU
726686-B21,CPU
726686-L21,CPU
726717-B21,Memory
726718-B21,Memory
726719-B21,Memory
726720-B21,Memory
726722-B21,Memory
726724-B21,Memory
726736-B21,Controller
726757-B21,Adapter
726809-B21,Adapter
726821-B21,Controller
726825-B21,Controller
726897-B21,Controller
726903-B21,Controller
726907-B21,Adapter
726911-B21,Adapter
726987-B21,CPU
726988-B21,CPU
726989-B21,CPU
726990-B21,CPU
726991-B21,CPU
726992-B21,CPU
726994-B21,CPU
726995-B21,CPU
726996-B21,CPU
726997-B21,CPU
726998-B21,CPU
726999-B21,CPU
727002-B21,CPU
727003-B21,CPU
727054-B21,Adapter
727055-B21,Adapter
727060-B21,Adapter
727258-B21,Smart Storage Battery
727261-B21,Smart Storage Battery
727604-B21,Rail Kit
728427-B21,CPU
728629-B21,Memory
728953-B21,CPU
728955-B21,CPU
728957-B21,CPU
728959-B21,CPU
728963-B21,CPU
728965-B21,CPU
728969-B21,CPU
728971-B21,CPU
728975-B21,CPU
728987-B21,Adapter
728992-B21,Adapter
729552-B21,Adapter
730777-B21,CPU
730870-B21,Adapter
730941-B21,Power Supply
731761-B21,Memory
731765-B21,Memory
732411-B21,Memory
733660-B21,Rail Kit
733662-B21,Rail Kit
733664-B21,Cable Kit
733668-B21,Rail Kit
733912-B21,CPU
733914-B21,CPU
733916-B21,CPU
733918-B21,CPU
733921-B21,CPU
733925-B21,CPU
733931-B21,CPU
733933-B21,CPU
733935-B21,CPU
733937-B21,CPU
733939-B21,CPU
733943-B21,CPU
734360-B21,SSD-SFF
734362-B21,SSD-LFF
734807-B21,Rail Kit
734809-B21,Rail Kit
734811-B21,Cable Kit
736936-B21,SSD-SFF
736939-B21,SSD-SFF
737261-B21,HDD-LFF
737390-B21,HDD-LFF
737392-B21,HDD-LFF
737394-B21,HDD-LFF
737396-B21,HDD-LFF
739252-B21,Power Supply
739254-B21,Power Supply
739888-B21,SSD-SFF
739890-B21,SSD-LFF
739898-B21,SSD-SFF
739900-B21,SSD-LFF
740674-B21,CPU
740677-B21,CPU
740680-B21,CPU
740691-B21,CPU
740693-B21,CPU
740695-B21,CPU
741138-B21,SSD-SFF
741142-B21,SSD-SFF
741146-B21,SSD-SFF
741151-B21,SSD-SFF
741155-B21,SSD-SFF
741159-B21,SSD-SFF
744134-B21,CPU
745813-B21,Power Supply
745823-B21,TPM
746521-B21,CPU
746523-B21,CPU
746525-B21,CPU
746527-B21,CPU
748287-B21,Power Supply
748387-B21,HDD-SFF
749245-B21,CPU
749680-B21,Controller
749974-B21,Controller
749976-B21,Adapter
752803-B21,Cage Kit
753874-B21,HDD-LFF
755374-B21,CPU
755376-B21,CPU
755378-B21,CPU
755382-B21,CPU
755384-B21,CPU
755386-B21,CPU
755388-B21,CPU
755390-B21,CPU
755394-B21,CPU
755396-B21,CPU
755404-B21,CPU
755406-B21,CPU
756601-B21,SSD-SFF
756604-B21,SSD-LFF
756621-B21,SSD-SFF
756624-B21,SSD-LFF
756633-B21,SSD-SFF
756636-B21,SSD-SFF
756639-B21,SSD-LFF
756657-B21,SSD-SFF
756660-B21,SSD-LFF
757339-B21,SSD-SFF
757342-B21,SSD-LFF
759208-B21,HDD-SFF
759210-B21,HDD-SFF
759212-B21,HDD-SFF
759934-B21,Memory
761477-B21,HDD-LFF
761501-B21,Memory
761872-B21,Controller
761873-B21,Adapter
761874-B21,Controller
762261-B21,SSD-SFF
762263-B21,SSD-SFF
762270-B21,SSD-LFF
762272-B21,SSD-LFF
762760-B21,CPU
762764-B21,CPU
762766-B21,CPU
762768-B21,CPU
763226-B21,CPU
763235-B21,CPU
763241-B21,CPU
764005-L21,CPU
764007-L21,CPU
764009-L21,CPU
764010-L21,CPU
764012-L21,CPU
764013-L21,CPU
764097-B21,CPU
764283-B21,Adapter
764284-B21,Adapter
764285-B21,Adapter
764286-B21,Adapter
764302-B21,Adapter
764628-B21,Enablement Kit
764630-B21,Media Bay Kit
764632-B21,Media Bay Kit
764646-B21,Enablement Kit
764892-B21,SSD-SFF
764894-B21,SSD-SFF
764904-B21,SSD-SFF
764906-B21,SSD-SFF
764923-B21,SSD-SFF
764925-B21,SSD-SFF
764927-B21,SSD-SFF
764929-B21,SSD-SFF
764939-B21,SSD-LFF
764941-B21,SSD-LFF
764943-B21,SSD-LFF
764945-B21,SSD-LFF
765034-B21,SSD-SFF
765036-B21,SSD-SFF
765038-B21,SSD-SFF
765044-B21,SSD-SFF
765253-B21,HDD-LFF
765255-B21,HDD-LFF
765257-B21,HDD-LFF
765259-B21,HDD-LFF
765268-B21,CPU
765424-B21,HDD-LFF
765453-B21,HDD-SFF
765455-B21,HDD-SFF
765464-B21,HDD-SFF
765466-B21,HDD-SFF
765518-B21,Enablement Kit
765521-B21,CPU
765523-B21,CPU
765538-B21,CPU
765541-B21,CPU
765542-B21,CPU
765543-B21,CPU
765544-B21,CPU
765545-B21,CPU
765551-B21,CPU
765566-L21,CPU
765567-L21,CPU
765568-L21,CPU
765652-B21,Cable Kit
765794-L21,CPU
766201-B21,Fan Kit
766490-B21,Adapter
767049-B21,CPU
767499-B21,SSD-SFF
767501-B21,SSD-SFF
767503-B21,SSD-SFF
767904-B21,SSD-SFF
767906-B21,SSD-SFF
767908-B21,SSD-SFF
768857-B21,Cage Kit
768896-B21,Enablement Kit
773124-B21,CPU
774026-001,HDD-LFF
774741-B21,Enablement Kit
775159-L21,CPU
775160-L21,CPU
775161-L21,CPU
775162-L21,CPU
775588-B21,Enablement Kit
777264-B21,SSD-M2
778157-B21,HDD-SFF
778267-B21,Memory
778268-B21,Memory
779164-B21,SSD-SFF
779168-B21,SSD-SFF
779172-B21,SSD-SFF
779176-B21,SSD-SFF
779556-B21,CPU
779793-B21,Adapter
779795-B21,CPU
779799-B21,Adapter
779830-B21,CPU
779834-B21,CPU
779834-L21,CPU
779836-B21,CPU
779926-L21,CPU
779928-B21,CPU
781516-B21,HDD-SFF
781518-B21,HDD-SFF
781828-B21,CPU
781828-L21,CPU
781830-L21,CPU
781913-B21,CPU
781915-B21,CPU
782669-B21,HDD-LFF
782958-B21,Smart Storage Battery
782961-B21,Smart Storage Battery
783007-B21,Cable Kit
783008-B21,Cable Kit
783009-B21,Cable Kit
784582-B21,Enablement Kit
785067-B21,HDD-SFF
785069-B21,HDD-SFF
785071-B21,HDD-SFF
785073-B21,HDD-SFF
785075-B21,HDD-SFF
785079-B21,HDD-SFF
785099-B21,HDD-SFF
785101-B21,HDD-SFF
785103-B21,HDD-SFF
785233-B21,Enablement Kit
785989-B21,Cable Kit
785991-B21,Cable Kit
786092-B21,Cable Kit
786215-B21,Cable Kit
788355-B21,Enablement Kit
788995-B21,Adapter
789135-B21,SSD-SFF
789137-B21,SSD-LFF
789145-B21,SSD-SFF
789147-B21,SSD-LFF
789155-B21,SSD-SFF
789157-B21,SSD-LFF
789388-B21,Rail Kit
791034-B21,HDD-SFF
792278-B21,Memory
793665-B21,HDD-LFF
793667-B21,HDD-LFF
793669-B21,HDD-LFF
793671-B21,HDD-LFF
793683-B21,HDD-LFF
793695-B21,HDD-LFF
793697-B21,HDD-LFF
793699-B21,HDD-LFF
793701-B21,HDD-LFF
793703-B21,HDD-LFF
801225-B21,CPU
801225-L21,CPU
801226-B21,CPU
801226-L21,CPU
801228-B21,CPU
801228-L21,CPU
801229-B21,CPU
801229-L21,CPU
801230-B21,CPU
801230-L21,CPU
801231-B21,CPU
801231-L21,CPU
801232-B21,CPU
801232-L21,CPU
801233-B21,CPU
801233-L21,CPU
801234-B21,CPU
801234-L21,CPU
801250-B21,CPU
801250-L21,CPU
801251-B21,CPU
801251-L21,CPU
801252-B21,CPU
801252-L21,CPU
801253-B21,CPU
801253-L21,CPU
801254-B21,CPU
801254-L21,CPU
801255-B21,CPU
801255-L21,CPU
801256-B21,CPU
801256-L21,CPU
801257-B21,CPU
801257-L21,CPU
801258-B21,CPU
801258-L21,CPU
801259-B21,CPU
801259-L21,CPU
801271-B21,CPU
801271-L21,CPU
801882-B21,HDD-LFF
801884-B21,HDD-LFF
801888-B21,HDD-LFF
802578-B21,SSD-SFF
802582-B21,SSD-SFF
802586-B21,SSD-SFF
802891-B21,SSD-SFF
803026-B21,Memory
803028-B21,Memory
804326-B21,Controller
804331-B21,Controller
804338-B21,Controller
804367-B21,Controller
804381-B21,Controller
804394-B21,Controller
804398-B21,Controller
804405-B21,Controller
804575-B21,SSD-SFF
804578-B21,SSD-LFF
804581-B21,SSD-SFF
804584-B21,SSD-LFF
804587-B21,SSD-SFF
804590-B21,SSD-LFF
804593-B21,SSD-SFF
804596-B21,SSD-LFF
804599-B21,SSD-SFF
804602-B21,SSD-LFF
804605-B21,SSD-SFF
804608-B21,SSD-LFF
804613-B21,SSD-SFF
804616-B21,SSD-LFF
804625-B21,SSD-SFF
804628-B21,SSD-LFF
804631-B21,SSD-SFF
804634-B21,SSD-LFF
804639-B21,SSD-SFF
804642-B21,SSD-LFF
804665-B21,SSD-SFF
804668-B21,SSD-LFF
804671-B21,SSD-SFF
804674-B21,SSD-LFF
804677-B21,SSD-SFF
804680-B21,SSD-LFF
805347-B21,Memory
805349-B21,Memory
805351-B21,Memory
805353-B21,Memory
805358-B21,Memory
805667-B21,Memory
805669-B21,Memory
805671-B21,Memory
807878-B21,HDD-LFF
809208-B21,Memory
810744-B21,Memory
811546-B21,Adapter
813661-B21,Adapter
815097-B21,Memory
815098-B21,Memory
815100-B21,Memory
815101-B21,Memory
815102-B21,Memory
815635-B21,HDD-LFF
816562-B21,SSD-SFF
816568-B21,SSD-SFF
816572-B21,SSD-SFF
816576-B21,SSD-SFF
816879-B21,SSD-SFF
816883-B21,SSD-LFF
816889-B21,SSD-SFF
816893-B21,SSD-LFF
816899-B21,SSD-SFF
816903-B21,SSD-LFF
816909-B21,SSD-SFF
816913-B21,SSD-LFF
816919-B21,SSD-SFF
816923-B21,SSD-LFF
816929-B21,SSD-SFF
816933-B21,SSD-LFF
816965-B21,SSD-SFF
816969-B21,SSD-LFF
816975-B21,SSD-SFF
816979-B21,SSD-LFF
816985-B21,SSD-SFF
816989-B21,SSD-LFF
816995-B21,SSD-SFF
816999-B21,SSD-LFF
817011-B21,SSD-SFF
817015-B21,SSD-LFF
817676-B21,Enablement Kit
817709-B21,Adapter
817718-B21,Adapter
817721-B21,Adapter
817738-B21,Adapter
817745-B21,Adapter
817749-B21,Adapter
817753-B21,Adapter
817762-B21,Adapter
817923-B21,CPU
817923-L21,CPU
817925-B21,CPU
817925-L21,CPU
817927-B21,CPU
817927-L21,CPU
817929-B21,CPU
817929-L21,CPU
817931-B21,CPU
817931-L21,CPU
817933-B21,CPU
817933-L21,CPU
817935-B21,CPU
817935-L21,CPU
817937-B21,CPU
817937-L21,CPU
817939-B21,CPU
817939-L21,CPU
817941-B21,CPU
817941-L21,CPU
817943-B21,CPU
817943-L21,CPU
817945-B21,CPU
817945-L21,CPU
817947-B21,CPU
817947-L21,CPU
817951-B21,CPU
817951-L21,CPU
817953-B21,CPU
817953-L21,CPU
817955-B21,CPU
817955-L21,CPU
817957-B21,CPU
817957-L21,CPU
817959-B21,CPU
817959-L21,CPU
817961-B21,CPU
817963-B21,CPU
817963-L21,CPU
817965-B21,CPU
817965-L21,CPU
817967-B21,CPU
817967-L21,CPU
818166-B21,CPU
818166-L21,CPU
818168-B21,CPU
818168-L21,CPU
818170-B21,CPU
818170-L21,CPU
818172-B21,CPU
818172-L21,CPU
818174-B21,CPU
818174-L21,CPU
818176-B21,CPU
818176-L21,CPU
818178-B21,CPU
818178-L21,CPU
818180-B21,CPU
818180-L21,CPU
818182-B21,CPU
818182-L21,CPU
818184-B21,CPU
818184-L21,CPU
818186-B21,CPU
818186-L21,CPU
818188-B21,CPU
818188-L21,CPU
818190-B21,CPU
818190-L21,CPU
818192-B21,CPU
818192-L21,CPU
818194-B21,CPU
818194-L21,CPU
818196-B21,CPU
818196-L21,CPU
818198-B21,CPU
818198-L21,CPU
818202-B21,CPU
818202-L21,CPU
818204-B21,CPU
818204-L21,CPU
818206-B21,CPU
818206-L21,CPU
818213-B21,Media Bay Kit
818365-B21,HDD-LFF
818367-B21,HDD-LFF
819201-B21,HDD-LFF
819203-B21,HDD-LFF
819880-B21,Memory
822555-B21,SSD-SFF
822559-B21,SSD-SFF
822563-B21,SSD-SFF
822567-B21,SSD-SFF
825110-B21,Adapter
825111-B21,Adapter
826686-B21,HDD-LFF
826687-B21,HDD-SFF
826688-B21,HDD-SFF
826689-B21,Enablement Kit
826691-B21,Cage Kit
826694-B21,Riser Kit
826700-B21,Riser Kit
826704-B21,Riser Kit
826706-B21,Heat Sink Kit
826708-B21,Media Bay Kit
826709-B21,Cable Kit
826846-B21,CPU
826848-B21,CPU
826850-B21,CPU
826852-B21,CPU
826854-B21,CPU
826856-B21,CPU
826858-B21,CPU
826860-B21,CPU
826862-B21,CPU
826864-B21,CPU
826866-B21,CPU
826868-B21,CPU
826870-B21,CPU
826872-B21,CPU
826874-B21,CPU
826876-B21,CPU
826878-B21,CPU
826880-B21,CPU
826882-B21,CPU
826884-B21,CPU
826886-B21,CPU
826888-B21,CPU
826890-B21,CPU
829334-B21,Adapter
829335-B21,Adapter
830272-B21,Power Supply
830824-B21,Controller
831725-B21,SSD-LFF
832414-B21,SSD-SFF
832417-B21,SSD-LFF
832514-B21,HDD-SFF
833926-B21,HDD-LFF
833928-B21,HDD-LFF
834028-B21,HDD-LFF
834031-B21,HDD-LFF
835804-B21,Memory
835807-B21,Memory
835810-B21,Memory
835955-B21,Memory
836220-B21,Memory
837074-B21,Power Supply
838079-B21,Memory
838081-B21,Memory
838083-B21,Memory
838085-B21,Memory
838087-B21,Memory
838089-B21,Memory
839989-B21,CPU
839989-L21,CPU
840379-B21,CPU
840381-B21,CPU
840383-B21,CPU
840385-B21,CPU
840387-B21,CPU
840389-B21,CPU
840391-B21,CPU
840393-B21,CPU
840395-B21,CPU
840397-B21,CPU
840399-B21,CPU
843199-B21,Controller
843264-B21,HDD-LFF
843266-B21,HDD-LFF
843268-B21,HDD-LFF
843270-B21,HDD-LFF
844115-B21,Riser Kit
846510-B21,HDD-LFF
846512-B21,HDD-LFF
846514-B21,HDD-LFF
846516-B21,HDD-LFF
846524-B21,HDD-LFF
846526-B21,HDD-LFF
846528-B21,HDD-LFF
846530-B21,HDD-LFF
851353-B21,Memory
851615-B21,Cable Kit
857644-B21,HDD-LFF
857646-B21,HDD-LFF
857648-B21,HDD-LFF
857650-B21,HDD-LFF
858384-B21,HDD-LFF
860649-B21,CPU
860651-B21,CPU
860653-B21,CPU
860655-B21,CPU
860657-B21,CPU
860659-B21,CPU
860661-B21,CPU
860663-B21,CPU
860665-B21,CPU
860667-B21,CPU
860669-B21,CPU
860671-B21,CPU
860673-B21,CPU
860675-B21,CPU
860677-B21,CPU
860679-B21,CPU
860681-B21,CPU
860683-B21,CPU
860685-B21,CPU
860687-B21,CPU
860689-B21,CPU
860691-B21,CPU
861590-B21,HDD-LFF
861592-B21,HDD-LFF
861594-B21,HDD-LFF
861596-B21,HDD-LFF
861676-B21,HDD-LFF
861678-B21,HDD-LFF
861681-B21,HDD-LFF
861683-B21,HDD-LFF
861686-B21,HDD-LFF
861688-B21,HDD-LFF
861691-B21,HDD-LFF
861693-B21,HDD-LFF
861742-B21,HDD-LFF
861744-B21,HDD-LFF
861746-B21,HDD-LFF
861748-B21,HDD-LFF
861750-B21,HDD-LFF
861752-B21,HDD-LFF
861754-B21,HDD-LFF
861756-B21,HDD-LFF
862974-B21,Memory
862976-B21,Memory
864279-B21,TPM
865408-B21,Power Supply
865414-B21,Power Supply
865428-B21,Power Supply
865434-B21,Power Supply
865438-B21,Power Supply
866448-B21,Cable Kit
866452-B21,Cable Kit
866520-B21,CPU
866522-B21,CPU
866524-B21,CPU
866526-B21,CPU
866528-B21,CPU
866530-B21,CPU
866532-B21,CPU
866534-B21,CPU
866536-B21,CPU
866538-B21,CPU
866540-B21,CPU
866542-B21,CPU
866544-B21,CPU
866546-B21,CPU
866548-B21,CPU
866550-B21,CPU
866552-B21,CPU
866554-B21,CPU
866556-B21,CPU
866558-B21,CPU
867328-B21,Adapter
867331-B21,Adapter
867334-B21,Adapter
867707-B21,Adapter
867805-B21,HDD-LFF
867806-B21,Riser Kit
867808-B21,Riser Kit
867810-B21,Fan Kit
867853-B21,Memory
867855-B21,Memory
867875-B21,Enablement Kit
867966-B21,Backplane Kit
867970-B21,Backplane Kit
867972-B21,Backplane Kit
867974-B21,Backplane Kit
867978-B21,Riser Kit
867980-B21,Enablement Kit
867982-B21,Riser Kit
867988-B21,CPU
867990-B21,Cable Kit
867992-B21,Cable Kit
868000-B21,Blank Kit
868814-B21,SSD-SFF
868818-B21,SSD-SFF
868822-B21,SSD-SFF
868826-B21,SSD-SFF
868830-B21,SSD-SFF
868840-B21,Smart Storage Battery
869056-B21,SSD-LFF
869058-B21,SSD-LFF
869079-B21,Controller
869081-B21,Controller
869083-B21,Controller
869086-B21,CPU
869088-B21,CPU
869089-B21,CPU
869090-B21,CPU
869347-B21,HDD-LFF
869374-B21,SSD-SFF
869376-B21,SSD-SFF
869378-B21,SSD-SFF
869380-B21,SSD-LFF
869384-B21,SSD-SFF
869386-B21,SSD-SFF
869388-B21,SSD-LFF
869489-B21,Fan Kit
869491-B21,Cage Kit
870144-B21,SSD-SFF
870148-B21,SSD-SFF
870548-B21,Riser Kit
870549-B21,Cable Kit
870658-B21,Controller
870730-B21,CPU
870732-B21,CPU
870734-B21,CPU
870736-B21,CPU
870738-B21,CPU
870753-B21,HDD-SFF
870755-B21,HDD-LFF
870757-B21,HDD-SFF
870759-B21,HDD-SFF
870761-B21,HDD-LFF
870763-B21,HDD-SFF
870765-B21,HDD-SFF
870966-B21,CPU
870968-B21,CPU
870970-B21,CPU
870972-B21,CPU
870974-B21,CPU
870976-B21,CPU
870978-B21,CPU
870980-B21,CPU
870982-B21,CPU
871026-B21,CPU
871026-L21,CPU
871242-B21,Backplane Kit
871244-B21,Fan Kit
871246-B21,Heat Sink Kit
871616-B21,CPU
871617-B21,CPU
871618-B21,CPU
871619-B21,CPU
871827-B21,Cable Kit
871828-B21,Cable Kit
871829-B21,Cable Kit
872006-B21,CPU
872009-B21,CPU
872010-B21,CPU
872011-B21,CPU
872012-B21,CPU
872013-B21,CPU
872014-B21,CPU
872015-B21,CPU
872151-B21,Cable Kit
872223-B21,HDD-SFF
872225-B21,Enablement Kit
872233-B21,HDD-SFF
872235-B21,HDD-SFF
872237-B21,HDD-SFF
872252-B21,Rail Kit
872253-B21,Riser Kit
872255-B21,Riser Kit
872257-B21,Riser Kit
872267-B21,Media Bay Kit
872336-B21,Riser Kit
872338-B21,Riser Kit
872340-B21,Riser Kit
872344-B21,SSD-SFF
872346-B21,SSD-LFF
872348-B21,SSD-SFF
872350-B21,SSD-LFF
872352-B21,SSD-SFF
872355-B21,SSD-SFF
872357-B21,SSD-LFF
872359-B21,SSD-SFF
872361-B21,SSD-LFF
872363-B21,SSD-SFF
872365-B21,SSD-LFF
872374-B21,SSD-SFF
872376-B21,SSD-SFF
872378-B21,SSD-LFF
872380-B21,SSD-LFF
872382-B21,SSD-SFF
872384-B21,SSD-LFF
872386-B21,SSD-SFF
872390-B21,SSD-SFF
872392-B21,SSD-SFF
872394-B21,SSD-SFF
872475-B21,HDD-SFF
872477-B21,HDD-SFF
872479-B21,HDD-SFF
872481-B21,HDD-SFF
872485-B21,HDD-LFF
872487-B21,HDD-LFF
872489-B21,HDD-LFF
872491-B21,HDD-LFF
872725-B21,Adapter
872726-B21,Adapter
872766-B21,CPU
872768-B21,CPU
872770-B21,CPU
872824-B21,CPU
872826-B21,CPU
872828-B21,CPU
872831-B21,CPU
872833-B21,CPU
872835-B21,CPU
872839-B21,CPU
872841-B21,CPU
873351-B21,SSD-SFF
873355-B21,SSD-SFF
873357-B21,SSD-SFF
873359-B21,SSD-SFF
873363-B21,SSD-SFF
873365-B21,SSD-SFF
873367-B21,SSD-SFF
873373-B21,Enablement Kit
873418-B21,Riser Kit
873420-B21,Riser Kit
873444-B21,Cable Kit
873641-B21,CPU
873643-B21,CPU
873645-B21,CPU
873647-B21,CPU
873732-B21,Riser Kit
873770-B21,Cable Kit
873781-B21,HDD-LFF
873869-B21,Cable Kit
873870-B21,Enablement Kit
873961-B21,Enablement Kit
874007-B21,Cage Kit
874008-B21,Cage Kit
874009-B21,Power Supply
874253-B21,Adapter
874449-B21,CPU
874452-B21,CPU
874455-B21,CPU
874543-B21,Rail Kit
874566-B21,Cage Kit
874567-B21,Cage Kit
874568-B21,Cage Kit
874569-B21,SSD-SFF
874570-B21,Cable Kit
874571-B21,Cage Kit
874572-B21,Cage Kit
874573-B21,Cable Kit
874574-B21,Cable Kit
874575-B21,Cable Kit
874576-B21,Cable Kit
874577-B21,Cable Kit
874578-B21,Cable Kit
874633-B21,Mezzanine Card
874752-B21,CPU
875238-B21,Smart Storage Battery
875239-B21,Smart Storage Battery
875241-B21,Cable Kit
875242-B21,Smart Storage Battery
875311-B21,SSD-SFF
875313-B21,SSD-SFF
875317-B21,SSD-M2
875319-B21,SSD-M2
875326-B21,SSD-SFF
875330-B21,SSD-SFF
875335-B21,CPU
875336-B21,CPU
875337-B21,CPU
875338-B21,CPU
875339-B21,CPU
875342-B21,CPU
875343-B21,CPU
875349-B21,CPU
875470-B21,SSD-SFF
875472-B21,SSD-LFF
875474-B21,SSD-SFF
875476-B21,SSD-LFF
875478-B21,SSD-SFF
875480-B21,SSD-LFF
875483-B21,SSD-SFF
875485-B21,SSD-LFF
875488-B21,SSD-M2
875490-B21,SSD-M2
875492-B21,SSD-M2
875494-B21,SSD-M2
875496-B21,SSD-M2
875498-B21,SSD-M2
875500-B21,SSD-M2
875503-B21,SSD-SFF
875509-B21,SSD-SFF
875511-B21,SSD-SFF
875513-B21,SSD-SFF
875587-B21,SSD-SFF
875589-B21,SSD-SFF
875591-B21,SSD-SFF
875593-B21,SSD-SFF
875595-B21,SSD-SFF
875597-B21,SSD-SFF
875675-B21,Enablement Kit
875780-B21,Riser Kit
875939-B21,CPU
875940-B21,CPU
875941-B21,CPU
875942-B21,CPU
875943-B21,CPU
875944-B21,CPU
875945-B21,CPU
875946-B21,CPU
875947-B21,CPU
875948-B21,CPU
875950-B21,CPU
875951-B21,CPU
875954-B21,CPU
875956-B21,CPU
875957-B21,CPU
875958-B21,CPU
876087-B21,CPU
876093-B21,CPU
876099-B21,CPU
876181-B21,Memory
876562-B21,CPU
877575-B21,Cable Kit
877578-B21,Cable Kit
877579-B21,Cable Kit
877628-B21,Cable Kit
877740-B21,SSD-SFF
877746-B21,SSD-SFF
877748-B21,SSD-LFF
877752-B21,SSD-SFF
877754-B21,SSD-LFF
877756-B21,SSD-LFF
877758-B21,SSD-SFF
877760-B21,SSD-LFF
877762-B21,SSD-LFF
877764-B21,SSD-SFF
877776-B21,SSD-SFF
877782-B21,SSD-SFF
877784-B21,SSD-LFF
877788-B21,SSD-SFF
877790-B21,SSD-LFF
877984-B21,SSD-SFF
877986-B21,SSD-SFF
877994-B21,SSD-SFF
877998-B21,SSD-SFF
878014-B21,SSD-SFF
878038-B21,HHHL Card
878125-B21,CPU
878126-B21,CPU
878127-B21,CPU
878128-B21,CPU
878129-B21,CPU
878130-B21,CPU
878131-B21,CPU
878132-B21,CPU
878133-B21,CPU
878134-B21,CPU
878135-B21,CPU
878136-B21,CPU
878137-B21,CPU
878138-B21,CPU
878139-B21,CPU
878140-B21,CPU
878141-B21,CPU
878142-B21,CPU
878143-B21,CPU
878144-B21,CPU
878145-B21,CPU
878146-B21,CPU
878147-B21,CPU
878148-B21,CPU
878149-B21,CPU
878150-B21,CPU
878151-B21,CPU
878152-B21,CPU
878153-B21,CPU
878154-B21,CPU
878155-B21,CPU
878156-B21,CPU
878157-B21,CPU
878158-B21,CPU
878159-B21,CPU
878214-B21,Riser Kit
878360-B21,Riser Kit
878362-B21,Enablement Kit
878366-B21,HDD-SFF
878647-B21,CPU
878648-B21,CPU
878649-B21,CPU
878650-B21,CPU
878651-B21,CPU
878652-B21,CPU
878653-B21,CPU
878654-B21,CPU
878655-B21,CPU
878656-B21,CPU
878657-B21,CPU
878658-B21,CPU
878659-B21,CPU
878660-B21,CPU
878661-B21,CPU
878662-B21,CPU
878663-B21,CPU
878664-B21,CPU
878665-B21,CPU
878666-B21,CPU
879003-B21,Rail Kit
879118-B21,CPU
879121-B21,CPU
879423-B21,CPU
879424-B21,CPU
879482-B21,Adapter
879505-B21,Memory
879507-B21,Memory
880121-B21,HDD-SFF
880168-B21,CPU
880214-B21,CPU
880215-B21,CPU
880295-B21,SSD-SFF
880841-B21,Memory
880842-B21,Memory
880875-B21,SSD-SFF
880877-B21,SSD-SFF
881067-B21,Memory
881101-B21,Cable Kit
881457-B21,HDD-SFF
881779-B21,HDD-LFF
881781-B21,HDD-LFF
881785-B21,HDD-LFF
881787-B21,HDD-LFF
A8002A,Adapter
A8003A,Adapter
AD115A,CPU
AD195A,Memory
AD196A,Memory
AD197A,Memory
AD394A,CPU
AD395A,CPU
AD396A,CPU
AE311A,Adapter
AE312A,Adapter
AH252A,Memory
AH253A,Memory
AH254A,Memory
AH255A,CPU
AH256A,CPU
AH320A,CPU
AH558A,Tape Autoloader
AH559A,Tape Library
AH627A,Adapter
AJ735A,HDD-LFF
AJ736A,HDD-LFF
AJ737A,HDD-LFF
AJ738A,HDD-LFF
AJ739A,HDD-LFF
AJ740A,HDD-LFF
AJ762A,Adapter
AJ762B,Adapter
AJ763A,Adapter
AJ763B,Adapter
AJ764A,Adapter
AJ765A,Internal Disk Backup
AJ766A,External Disk Backup
AJ767A,Internal Disk Backup
AJ768A,External Disk Backup
AJ825A,Internal Tape Drive
AJ830A,Internal Tape Drive
AJ876A,Enclosure
AJ877A,Enclosure
AJ878A,Enclosure
AJ934A,Internal Disk Backup
AJ935A,External Disk Backup
AJ940A,Enclosure
AJ941A,Enclosure
AK344A,Adapter
AK377A,Tape Autoloader
AK378A,Tape Library
AK379A,Tape Library
AK380A,Tape Library
AK381A,Tape Library
AM324A,Memory
AM436A,Cable Kit
AM440A,Cable Kit
AP725A,Internal Disk Backup
AP726A,Internal Disk Backup
AP767A,Adapter
AP769A,Adapter
AP769B,Adapter
AP770A,Adapter
AP770B,Adapter
AP845A,Controller
AP846A,Controller
AP858A,HDD-LFF
AP859A,HDD-LFF
AP860A,HDD-LFF
AP861A,HDD-LFF
AP871A,HDD-LFF
AP872A,HDD-LFF
AP875A,HDD-SFF
AW520A,Adapter
AW520B,Adapter
AW555A,HDD-LFF
AW567A,Controller
AW568A,Controller
AW577A,Internal Disk Backup
AW578A,Internal Disk Backup
AW590A,HDD-LFF
AW593A,Controller
AW594A,Controller
AW596A,Controller
AW597A,Controller
AW611A,HDD-SFF
AW612A,HDD-SFF
B7B62A,Internal Disk Backup
B7B69B,External Disk Backup
BB873A,Internal Tape Drive
BB874A,External Tape Drive
BC390AAE,Adapter
BK830A,Controller
BK831A,Controller
BK835A,Adapter
BL536B,Tape Autoloader
BL537A,Tape Library
BL542A,Tape Library
BL543A,Tape Library
BS668A,Adapter
BV847A,Internal Disk Backup
BV849A,External Disk Backup
C0H18A,Tape Autoloader
C0H19A,Tape Autoloader
C8R19A,SSD-SFF
C8R20A,SSD-SFF
C8R21A,SSD-SFF
C8R22A,HDD-LFF
C8R26A,HDD-LFF
C8R38A,Adapter
C8R39A,Adapter
C8S58A,HDD-SFF
C8S59A,HDD-SFF
C8S61A,HDD-SFF
C8S62A,HDD-SFF
DC131B,Controller
DC132D,Adapter
DW017C,External Tape Drive
DW022A,Internal Tape Drive
DW027B,External Tape Drive
DW085A,Internal Tape Drive
DW085B,Internal Tape Drive
E2D54A,HDD-SFF
E2D55A,HDD-SFF
E2D56A,HDD-SFF
E7W32A,HDD-LFF
E7W47A,HDD-SFF
E7X53B,External Disk Backup
E7Y06A,Adapter
EH841B,Internal Tape Drive
EH842B,External Tape Drive
EH847A,Internal Tape Drive
EH847B,Internal Tape Drive
EH848B,External Tape Drive
EH854B,HDD-SCSI
EH860B,Internal Tape Drive
EH861B,External Tape Drive
EH900B,External Tape Drive
EH920B,External Tape Drive
EH921B,Internal Tape Drive
EH922B,External Tape Drive
EH957B,Internal Tape Drive
EH958B,External Tape Drive
EH963A,Internal Tape Drive
EH964A,External Tape Drive
EH969A,Internal Tape Drive
EH970A,External Tape Drive
EJ001B,Enclosure
EJ002B,Enclosure
FS943AA,Optical Drive
G0M43A,HDD-SFF
G0M44A,HDD-LFF
H6Z58A,HDD-LFF
J0G91A,GPU Module
J9F36A,HDD-LFF
J9F37A,SSD-SFF
J9F38A,SSD-SFF
J9F39A,SSD-SFF
J9F40A,HDD-SFF
J9F41A,HDD-SFF
J9F42A,HDD-SFF
J9F43A,HDD-LFF
J9F44A,HDD-SFF
J9F46A,HDD-SFF
J9F47A,HDD-SFF
J9F48A,HDD-SFF
J9F49A,HDD-SFF
J9F50A,HDD-SFF
J9F51A,HDD-SFF
J9V68A,HDD-LFF
J9V69A,HDD-LFF
J9V70A,HDD-LFF
K2P87B,HDD-LFF
K2P89B,SSD-SFF
K2P91B,SSD-SFF
K2P93B,HDD-SFF
K2P94B,HDD-SFF
K2P98B,HDD-SFF
K2Q45A,SSD-SFF
K2Q82A,HDD-LFF
M0S90A,HDD-LFF
N3U51A,Adapter
N3U52A,Adapter
N7P34A,Tape Autoloader
N7P35A,Tape Autoloader
N9X91A,SSD-SFF
N9X92A,SSD-SFF
N9X93A,HDD-LFF
N9X94A,HDD-LFF
N9X95A,SSD-SFF
N9X96A,SSD-SFF
P00423-B21,Memory
P00614-B21,Cable Kit
P00756-B21,CPU
P00793-B21,CPU
P00896-B21,SSD-SFF
P00918-B21,Memory
P00920-B21,Memory
P00922-B21,Memory
P00924-B21,Memory
P00926-B21,Memory
P00928-B21,Memory
P00930-B21,Memory
P01363-B21,Smart Storage Battery
P01364-B21,Smart Storage Battery
P01365-B21,Smart Storage Battery
P01366-B21,Smart Storage Battery
P01367-B21,Smart Storage Battery
P02377-B21,Cable Kit
P02381-B21,Cable Kit
P02489-B21,CPU
P02491-B21,CPU
P02492-B21,CPU
P02493-B21,CPU
P02494-B21,CPU
P02495-B21,CPU
P02496-B21,CPU
P02497-B21,CPU
P02498-B21,CPU
P02499-B21,CPU
P02500-B21,CPU
P02501-B21,CPU
P02502-B21,CPU
P02503-B21,CPU
P02504-B21,CPU
P02506-B21,CPU
P02507-B21,CPU
P02508-B21,CPU
P02509-B21,CPU
P02510-B21,CPU
P02512-B21,CPU
P02514-B21,CPU
P02516-B21,CPU
P02517-B21,CPU
P02518-B21,CPU
P02519-B21,CPU
P02521-B21,CPU
P02524-B21,CPU
P02525-B21,CPU
P02526-B21,CPU
P02527-B21,CPU
P02533-B21,CPU
P02536-B21,CPU
P02537-B21,CPU
P02538-B21,CPU
P02539-B21,CPU
P02540-B21,CPU
P02565-B21,CPU
P02571-B21,CPU
P02574-B21,CPU
P02577-B21,CPU
P02580-B21,CPU
P02583-B21,CPU
P02586-B21,CPU
P02589-B21,CPU
P02592-B21,CPU
P02595-B21,CPU
P02598-B21,CPU
P02601-B21,CPU
P02604-B21,CPU
P02607-B21,CPU
P02610-B21,CPU
P02613-B21,CPU
P02622-B21,CPU
P02625-B21,CPU
P02628-B21,CPU
P02631-B21,CPU
P02634-B21,CPU
P02637-B21,CPU
P02640-B21,CPU
P02643-B21,CPU
P02646-B21,CPU
P02649-B21,CPU
P02652-B21,CPU
P02655-B21,CPU
P02658-B21,CPU
P02661-B21,CPU
P02667-B21,CPU
P02670-B21,CPU
P02673-B21,CPU
P02676-B21,CPU
P02679-B21,CPU
P02682-B21,CPU
P02706-B21,CPU
P02709-B21,CPU
P02712-B21,CPU
P02715-B21,CPU
P02718-B21,CPU
P03178-B21,Power Supply
P03691-B21,SSD-LFF
P03761-002,HDD-SFF
P04220-B21,Controller
P04474-B21,SSD-SFF
P04476-B21,SSD-SFF
P04478-B21,SSD-SFF
P04480-B21,SSD-SFF
P04482-B21,SSD-SFF
P04517-B21,SSD-SFF
P04519-B21,SSD-SFF
P04521-B21,SSD-SFF
P04523-B21,SSD-SFF
P04525-B21,SSD-SFF
P04527-B21,SSD-SFF
P04529-B21,SSD-LFF
P04531-B21,SSD-LFF
P04533-B21,SSD-SFF
P04535-B21,SSD-LFF
P04537-B21,SSD-SFF
P04539-B21,SSD-SFF
P04541-B21,SSD-SFF
P04543-B21,SSD-SFF
P04545-B21,SSD-SFF
P04547-B21,SSD-SFF
P04556-B21,SSD-SFF
P04560-B21,SSD-SFF
P04564-B21,SSD-SFF
P04566-B21,SSD-SFF
P04570-B21,SSD-SFF
P04693-B21,HDD-LFF
P04695-B21,HDD-LFF
P04849-B21,Riser Kit
P04979-B21,Enablement Kit
P04983-B21,Enablement Kit
P05042-B21,Cable Kit
P05045-B21,Enablement Kit
P05050-B21,Enablement Kit
P05592-B21,Memory
P05924-B21,SSD-SFF
P05928-B21,SSD-SFF
P05932-B21,SSD-SFF
P05938-B21,SSD-SFF
P05946-B21,SSD-SFF
P05968-B21,Cable Kit
P05976-B21,SSD-SFF
P05980-B21,SSD-SFF
P05986-B21,SSD-SFF
P05994-B21,SSD-SFF
P06029-B21,Memory
P06031-B21,Memory
P06033-B21,Memory
P06035-B21,Memory
P06037-B21,Memory
P06039-B21,Memory
P06194-B21,SSD-SFF
P06196-B21,SSD-SFF
P06198-B21,SSD-SFF
P06200-B21,SSD-SFF
P06303-B21,Fan Kit
P06305-B21,Enablement Kit
P06307-B21,Cable Kit
P06309-B21,Enablement Kit
P06367-B21,Controller
P06584-B21,SSD-SFF
P06586-B21,SSD-SFF
P06588-B21,SSD-SFF
P06590-B21,SSD-SFF
P06592-B21,SSD-SFF
P06607-B21,SSD-SFF
P06609-B21,SSD-SFF
P06671-B21,HDD-SFF
P06677-B21,Enablement Kit
P06681-B21,Cable Kit
P06683-B21,Cable Kit
P06805-B21,CPU
P06806-B21,CPU
P06807-B21,CPU
P06808-B21,CPU
P06809-B21,CPU
P06810-B21,CPU
P06811-B21,CPU
P06813-B21,CPU
P06815-B21,CPU
P06816-B21,CPU
P06817-B21,CPU
P06818-B21,CPU
P06819-B21,CPU
P06820-B21,CPU
P06821-B21,CPU
P06952-B21,SSD-SFF
P06966-B21,CPU
P06967-B21,CPU
P07029-B21,Memory
P07179-B21,SSD-SFF
P07181-B21,SSD-SFF
P07183-B21,SSD-SFF
P07185-B21,SSD-SFF
P07190-B21,SSD-SFF
P07192-B21,SSD-SFF
P07194-B21,SSD-SFF
P07196-B21,SSD-SFF
P07198-B21,SSD-SFF
P07525-B21,Memory
P07638-B21,Memory
P07640-B21,Memory
P07642-B21,Memory
P07644-B21,Memory
P07646-B21,Memory
P07650-B21,Memory
P07652-B21,Memory
P07654-B21,Memory
P07818-B21,Blank Kit
P07922-B21,SSD-SFF
P07924-B21,SSD-LFF
P07926-B21,SSD-SFF
P07928-B21,SSD-LFF
P07930-B21,SSD-SFF
P07932-B21,SSD-LFF
P08421-B21,Adapter
P08437-B21,Adapter
P08440-B21,Adapter
P08443-B21,Adapter
P08446-B21,Adapter
P08449-B21,Adapter
P08452-B21,Adapter
P08458-B21,Adapter
P09088-B21,SSD-SFF
P09090-B21,SSD-SFF
P09092-B21,SSD-SFF
P09094-B21,SSD-SFF
P09096-B21,SSD-SFF
P09098-B21,SSD-SFF
P09100-B21,SSD-SFF
P09102-B21,SSD-SFF
P09149-B21,HDD-LFF
P09153-B21,HDD-LFF
P09155-B21,HDD-LFF
P09161-B21,HDD-LFF
P09163-B21,HDD-LFF
P09165-B21,HDD-LFF
P09687-B21,SSD-LFF
P09689-B21,SSD-LFF
P09691-B21,SSD-LFF
P09693-B21,SSD-LFF
P09712-B21,SSD-SFF
P09716-B21,SSD-SFF
P09718-B21,SSD-LFF
P09722-B21,SSD-SFF
P09724-B21,SSD-LFF
P09797-B21,HDD-LFF
P09799-B21,HDD-LFF
P10094-B21,Adapter
P10097-B21,Adapter
P10103-B21,Adapter
P10106-B21,Adapter
P10112-B21,Adapter
P10115-B21,Adapter
P10118-B21,Adapter
P10180-B21,Adapter
P10208-B21,SSD-SFF
P10210-B21,SSD-SFF
P10212-B21,SSD-SFF
P10214-B21,SSD-SFF
P10216-B21,SSD-SFF
P10218-B21,SSD-SFF
P10222-B21,SSD-SFF
P10224-B21,SSD-SFF
P10226-B21,SSD-SFF
P10264-B21,HHHL Card
P10266-B21,HHHL Card
P10268-B21,HHHL Card
P10440-B21,SSD-SFF
P10442-B21,SSD-SFF
P10444-B21,SSD-SFF
P10446-B21,SSD-SFF
P10448-B21,SSD-SFF
P10450-B21,SSD-LFF
P10454-B21,SSD-SFF
P10456-B21,SSD-LFF
P10460-B21,SSD-SFF
P10660-B21,Memory
P10937-B21,CPU
P10938-B21,CPU
P10939-B21,CPU
P10940-B21,CPU
P10941-B21,CPU
P10942-B21,CPU
P10943-B21,CPU
P10944-B21,CPU
P10945-B21,CPU
P10946-B21,CPU
P10947-B21,CPU
P10948-B21,CPU
P10949-B21,CPU
P10950-B21,CPU
P10951-B21,CPU
P10952-B21,CPU
P10953-B21,CPU
P10954-B21,CPU
P10955-B21,CPU
P10956-B21,CPU
P10957-B21,CPU
P10958-B21,CPU
P10959-B21,CPU
P10964-B21,CPU
P10966-B21,CPU
P10967-B21,CPU
P10968-B21,CPU
P11040-B21,Memory
P11338-B21,Adapter
P11822-B21,CPU
P11823-B21,CPU
P11824-B21,CPU
P11825-B21,CPU
P11826-B21,CPU
P11827-B21,CPU
P11829-B21,CPU
P11830-B21,CPU
P11831-B21,CPU
P11839-B21,CPU
P11842-B21,CPU
P11845-B21,CPU
P11848-B21,CPU
P11851-B21,CPU
P11862-B21,CPU
P11864-B21,CPU
P11865-B21,CPU
P11869-B21,CPU
P11870-B21,CPU
P11873-B21,CPU
P11875-B21,CPU
P11876-B21,CPU
P11877-B21,CPU
P12024-B21,CPU
P12025-B21,CPU
P12026-B21,CPU
P12027-B21,CPU
P12028-B21,CPU
P12029-B21,CPU
P12030-B21,CPU
P12031-B21,CPU
P12032-B21,CPU
P12033-B21,CPU
P12292-B21,CPU
P12293-B21,CPU
P12294-B21,CPU
P12295-B21,CPU
P12513-B21,CPU
P12516-B21,CPU
P12618-B21,CPU
P12688-B21,Controller
P12965-B21,NVMe Boot Device
P13188-B21,Adapter
P13658-B21,SSD-SFF
P13660-B21,SSD-SFF
P13662-B21,SSD-SFF
P13664-B21,SSD-SFF
P13668-B21,SSD-SFF
P13670-B21,SSD-SFF
P13672-B21,SSD-SFF
P13674-B21,SSD-SFF
P13676-B21,SSD-SFF
P13678-B21,SSD-SFF
P13680-B21,SSD-SFF
P13682-B21,SSD-SFF
P13695-B21,SSD-SFF
P13697-B21,SSD-SFF
P13699-B21,SSD-SFF
P13701-B21,SSD-SFF
P13703-B21,SSD-SFF
P13771-B21,TPM
P14117-B21,Memory
P14119-B21,Memory
P14121-B21,Memory
P14397-B21,Memory
P14398-B21,Memory
P14492-B21,Memory
P14579-B21,Cage Kit
P14581-B21,Riser Kit
P14587-B21,Riser Kit
P14588-B21,Riser Kit
P14589-B21,Riser Kit
P14590-B21,Riser Kit
P14592-B21,Riser Kit
P14600-B21,Riser Kit
P14602-B21,Adapter
P14603-B21,Cable Kit
P14608-B21,Fan Kit
P14609-B21,Media Bay Kit
P14610-B21,Heat Sink Kit
P15443-B21,CPU
P15497-B21,Cage Kit
P15504-B21,Cage Kit
P15540-B21,Enablement Kit
P15725-B21,Cage Kit
P15758-B21,CPU
P15911-B21,Cable Kit
P15968-B21,CPU
P15974-B21,CPU
P15977-B21,CPU
P15995-B21,CPU
P16454-B21,CPU
P16976-B21,Cable Kit
P17023-B21,Power Supply
P17202-B21,Enablement Kit
P17224-B21,Cage Kit
P17264-B21,Riser Kit
P17537-B21,CPU
P17540-B21,CPU
P17546-B21,CPU
P18420-B21,SSD-SFF
P18422-B21,SSD-SFF
P18424-B21,SSD-SFF
P18426-B21,SSD-SFF
P18428-B21,SSD-SFF
P18430-B21,SSD-SFF
P18432-B21,SSD-SFF
P18434-B21,SSD-SFF
P18436-B21,SSD-SFF
P18438-B21,SSD-SFF
P18448-B21,Memory
P18449-B21,Memory
P18450-B21,Memory
P18451-B21,Memory
P18452-B21,Memory
P18453-B21,Memory
P18454-B21,Memory
P19040-B21,Memory
P19041-B21,Memory
P19042-B21,Memory
P19043-B21,Memory
P19044-B21,Memory
P19045-B21,Memory
P19047-B21,Memory
P19368-B21,Heat Sink Kit
P19628-L21,CPU
P19630-L21,CPU
P19634-L21,CPU
P19789-B21,CPU
P19791-B21,CPU
P19792-B21,CPU
P19795-B21,CPU
P19809-B21,SSD-SFF
P19813-B21,SSD-SFF
P19817-B21,SSD-SFF
P19821-B21,SSD-SFF
P19825-B21,SSD-SFF
P19829-B21,SSD-SFF
P19833-B21,SSD-SFF
P19837-B21,SSD-SFF
P19888-B21,SSD-M2
P19890-B21,SSD-M2
P19892-B21,SSD-M2
P19894-B21,SSD-SFF
P19896-B21,SSD-SFF
P19903-B21,SSD-SFF
P19905-B21,SSD-SFF
P19907-B21,SSD-SFF
P19909-B21,SSD-SFF
P19911-B21,SSD-SFF
P19913-B21,SSD-SFF
P19915-B21,SSD-SFF
P19917-B21,SSD-SFF
P19919-B21,SSD-SFF
P19935-B21,SSD-SFF
P19937-B21,SSD-SFF
P19939-B21,SSD-SFF
P19941-B21,SSD-SFF
P19943-B21,SSD-SFF
P19945-B21,SSD-SFF
P19947-B21,SSD-SFF
P19949-B21,SSD-SFF
P19951-B21,SSD-SFF
P19953-B21,SSD-SFF
P19974-B21,SSD-LFF
P19978-B21,SSD-LFF
P19980-B21,SSD-LFF
P19982-B21,SSD-LFF
P20015-B21,SSD-SFF
P20017-B21,SSD-SFF
P20019-B21,SSD-SFF
P20021-B21,SSD-SFF
P20094-B21,SSD-SFF
P20096-B21,SSD-SFF
P20098-B21,SSD-SFF
P20100-B21,SSD-SFF
P20139-B21,SSD-SFF
P20141-B21,SSD-SFF
P20143-B21,SSD-SFF
P20145-B21,SSD-SFF
P20203-B21,SSD-SFF
P20205-B21,SSD-SFF
P20207-B21,SSD-SFF
P20209-B21,SSD-SFF
P20417-B21,Enablement Kit
P20418-B21,Enablement Kit
P20421-B21,Riser Kit
P20422-B21,Fan Kit
P20423-B21,Enablement Kit
P20424-B21,Enablement Kit
P21106-B21,Adapter
P21109-B21,Adapter
P21112-B21,Adapter
P21125-B21,SSD-SFF
P21127-B21,SSD-SFF
P21129-B21,SSD-SFF
P21131-B21,SSD-SFF
P21133-B21,SSD-SFF
P21135-B21,SSD-SFF
P21137-B21,SSD-SFF
P21139-B21,SSD-SFF
P21141-B21,SSD-SFF
P21143-B21,SSD-SFF
P21145-B21,SSD-SFF
P21147-B21,SSD-SFF
P21517-B21,SSD-SFF
P21628-B21,CPU
P21655-B21,CPU
P21718-B21,CPU
P21721-B21,CPU
P21724-B21,CPU
P21727-B21,CPU
P21730-B21,CPU
P21785-B21,CPU
P21927-B21,Adapter
P21933-B21,Adapter
P22268-B21,SSD-SFF
P22270-B21,SSD-SFF
P22272-B21,SSD-SFF
P22274-B21,SSD-SFF
P22276-B21,SSD-SFF
P22278-B21,SSD-SFF
P22280-B21,SSD-SFF
P22282-B21,SSD-SFF
P22329-B21,SSD-SFF
P22331-B21,SSD-SFF
P22702-B21,Adapter
P22767-B21,Adapter
P22829-B21,Cable Kit
P23352-B21,CPU
P23353-B21,CPU
P23449-B21,HDD-LFF
P23487-B21,SSD-SFF
P23489-B21,SSD-SFF
P23490-B21,SSD-SFF
P23491-B21,SSD-LFF
P23493-B21,SSD-SFF
P23495-B21,SSD-LFF
P23532-B21,Memory
P23535-B21,Memory
P23538-B21,Memory
P23547-B21,CPU
P23549-B21,CPU
P23550-B21,CPU
P23553-B21,CPU
P23608-B21,HDD-LFF
P23664-B21,Adapter
P23665-B21,Adapter
P23666-B21,Adapter
P23741-B21,CPU
P23744-B21,CPU
P23857-B21,HDD-LFF
P23863-B21,HDD-LFF
P24168-B21,CPU
P24169-B21,CPU
P24170-B21,CPU
P24171-B21,CPU
P24172-B21,CPU
P24173-B21,CPU
P24174-B21,CPU
P24175-B21,CPU
P24176-B21,CPU
P24177-B21,CPU
P24188-B21,SSD-M2
P24465-B21,CPU
P24466-B21,CPU
P24467-B21,CPU
P24468-B21,CPU
P24469-B21,CPU
P24470-B21,CPU
P24471-B21,CPU
P24472-B21,CPU
P24473-B21,CPU
P24474-B21,CPU
P24475-B21,CPU
P24476-B21,CPU
P24477-B21,CPU
P24479-B21,CPU
P24480-B21,CPU
P24481-B21,CPU
P24482-B21,CPU
P24483-B21,CPU
P24484-B21,CPU
P24485-B21,CPU
P24486-B21,CPU
P24487-B21,CPU
P24488-B21,CPU
P24489-B21,CPU
P25526-B21,Adapter
P25527-B21,Adapter
P25590-B21,CPU
P25591-B21,CPU
P25903-B21,Riser Kit
P25944-B21,SSD-SFF
P25953-B21,SSD-SFF
P25960-B21,Adapter
P26104-B21,SSD-SFF
P26109-B21,SSD-SFF
P26124-B21,SSD-SFF
P26253-B21,Adapter
P26256-B21,Adapter
P26259-B21,Adapter
P26262-B21,Adapter
P26264-B21,Adapter
P26269-B21,Adapter
P26279-B21,Controller
P26285-B21,SSD-SFF
P26290-B21,SSD-SFF
P26295-B21,SSD-SFF
P26302-B21,SSD-SFF
P26306-B21,SSD-SFF
P26310-B21,SSD-SFF
P26314-B21,SSD-SFF
P26324-B21,Controller
P26325-B21,Controller
P26354-B21,SSD-SFF
P26358-B21,SSD-SFF
P26362-B21,SSD-SFF
P26372-B21,SSD-SFF
P26376-B21,SSD-SFF
P26435-B21,Cage Kit
P26437-B21,Cage Kit
P26439-B21,Cage Kit
P26449-B21,Cable Kit
P26451-B21,Cable Kit
P26461-B21,Cable Kit
P26475-B21,Cable Kit
P26477-B21,Fan Kit
P26479-B21,Heat Sink Kit
P26485-B21,Rail Kit
P26487-B21,Rail Kit
P26489-B21,Cable Kit
P26543-B21,SSD-SFF
P26919-B21,Cage Kit
P26920-B21,Riser Kit
P26922-B21,Cage Kit
P26923-B21,Cage Kit
P26930-B21,Cage Kit
P26931-B21,Cage Kit
P26932-B21,Cage Kit
P26934-B21,HHHL Card
P26936-B21,HHHL Card
P26938-B21,HHHL Card
P27089-B21,Riser Kit
P27090-B21,Riser Kit
P27091-B21,Riser Kit
P27092-B21,Riser Kit
P27093-B21,Riser Kit
P27094-B21,Adapter
P27095-B21,Heat Sink Kit
P27193-B21,Cage Kit
P27194-B21,Cage Kit
P28028-B21,HDD-SFF
P28257-B21,CPU
P28352-B21,HDD-SFF
P28387-B21,CPU
P28500-B21,HDD-SFF
P28505-B21,HDD-SFF
P28586-B21,HDD-SFF
P28610-B21,HDD-SFF
P28618-B21,HDD-SFF
P28622-B21,HDD-SFF
P28778-B21,Adapter
P28784-B21,CPU
P28785-B21,CPU
P28786-B21,CPU
P28787-B21,Adapter
P31246-B21,Adapter
P35416-B21,Riser Kit
P35417-B21,Riser Kit
P36202-B21,Cable Kit
P36203-B21,Cable Kit
P36657-B21,Cable Kit
P36661-B21,Enablement Kit
P36877-B21,Cable Kit
P36920-B21,CPU
P36921-B21,CPU
P36922-B21,CPU
P36923-B21,CPU
P36924-B21,CPU
P36925-B21,CPU
P36926-B21,CPU
P36927-B21,CPU
P36928-B21,CPU
P36930-B21,CPU
P36931-B21,CPU
P36932-B21,CPU
P36933-B21,CPU
P36934-B21,CPU
P36935-B21,CPU
P36936-B21,CPU
P36937-B21,CPU
P36938-B21,CPU
P36939-B21,CPU
P36940-B21,CPU
P36941-B21,CPU
P36997-B21,SSD-SFF
P36999-B21,SSD-SFF
P37001-B21,SSD-SFF
P37003-B21,SSD-SFF
P37005-B21,SSD-SFF
P37009-B21,SSD-LFF
P37011-B21,SSD-SFF
P37013-B21,SSD-LFF
P37017-B21,SSD-SFF
P37034-B21,Heat Sink Kit
P37042-B21,Fan Kit
P37110-B21,Fan Kit
P37598-B21,CPU
P37603-B21,CPU
P37604-B21,CPU
P37605-B21,CPU
P37610-B21,CPU
P37611-B21,CPU
P37612-B21,CPU
P37664-B21,HDD-LFF
P37669-B21,HDD-LFF
P37673-B21,HDD-LFF
P37678-B21,HDD-LFF
P37861-B21,Fan Kit
P37863-B21,Heat Sink Kit
P38386-B21,Enablement Kit
P38389-B21,Enablement Kit
P38446-B21,Memory
P38454-B21,Memory
P38506-B21,Fan Kit
P38585-B21,Adapter
P38669-B21,CPU
P38672-B21,CPU
P38675-B21,CPU
P38678-B21,CPU
P38681-B21,CPU
P38684-B21,CPU
P38687-B21,CPU
P38690-B21,CPU
P38693-B21,CPU
P38696-B21,CPU
P38699-B21,CPU
P38702-B21,CPU
P38705-B21,CPU
P38708-B21,CPU
P38711-B21,CPU
P38714-B21,CPU
P38717-B21,CPU
P38720-B21,CPU
P38774-B21,Riser Kit
P38995-B21,Power Supply
P38997-B21,Power Supply
P39137-B21,Cable Kit
P39141-B21,Cable Kit
P39144-B21,Cable Kit
P39147-B21,Cable Kit
P39151-B21,Cable Kit
P39156-B21,Cable Kit
P39159-B21,Cable Kit
P39162-B21,Cable Kit
P39165-B21,Cable Kit
P39168-B21,Cable Kit
P39171-B21,Cable Kit
P39174-B21,Cable Kit
P39180-B21,Cable Kit
P39185-B21,Cable Kit
P39189-B21,Cable Kit
P39193-B21,Cable Kit
P39198-B21,Cable Kit
P39365-B21,CPU
P39369-B21,CPU
P39371-B21,CPU
P39373-B21,CPU
P39732-B21,Cable Kit
P39737-B21,CPU
P39769-B21,Cage Kit
P39994-B21,Heat Sink Kit
P40003-B21,Blank Kit
P40007-B21,Memory
P40430-B21,HDD-SFF
P40431-B21,HDD-LFF
P40432-B21,HDD-SFF
P40480-B21,SSD-SFF
P40496-B21,SSD-SFF
P40497-B21,SSD-SFF
P40498-B21,SSD-SFF
P40499-B21,SSD-SFF
P40500-B21,SSD-SFF
P40501-B21,SSD-SFF
P40502-B21,SSD-SFF
P40503-B21,SSD-SFF
P40504-B21,SSD-SFF
P40505-B21,SSD-SFF
P40506-B21,SSD-SFF
P40507-B21,SSD-SFF
P40508-B21,SSD-SFF
P40509-B21,SSD-SFF
P40510-B21,SSD-SFF
P40511-B21,SSD-SFF
P40512-B21,SSD-SFF
P40513-B21,SSD-M2
P40514-B21,SSD-M2
P40515-B21,SSD-M2
P40545-B21,SSD-SFF
P40552-B21,SSD-SFF
P40553-B21,SSD-SFF
P40567-B21,SSD-SFF
P40568-B21,SSD-SFF
P40571-B21,SSD-SFF
P41398-B21,SSD-SFF
P41399-B21,SSD-SFF
P41400-B21,SSD-SFF
P41401-B21,SSD-SFF
P41402-B21,SSD-SFF
P41403-B21,SSD-SFF
P41404-B21,SSD-SFF
P41405-B21,SSD-SFF
P42041-B21,Adapter
P42044-B21,Adapter
P42124-B21,SSD-SFF
P42132-B21,SSD-SFF
P43016-B21,Memory
P43019-B21,Memory
P43022-B21,Memory
P43104-B21,Heat Sink Kit
P43167-B21,Memory
P43168-B21,Memory
P43169-B21,Memory
P43170-B21,Memory
P43171-B21,Memory
P43172-B21,Memory
P43322-B21,Memory
P43328-B21,Memory
P43331-B21,Memory
P43334-B21,Memory
P43337-B21,Memory
P43789-B21,Memory
P44007-B21,SSD-SFF
P44008-B21,SSD-SFF
P44009-B21,SSD-SFF
P44010-B21,SSD-SFF
P44011-B21,SSD-SFF
P44012-B21,SSD-SFF
P44013-B21,SSD-SFF
P44568-B21,SSD-SFF
P44576-B21,SSD-SFF
P44584-B21,SSD-SFF
P44592-B21,SSD-SFF
P44887-B21,Fan Kit
P45418-B21,CPU
P45867-B21,Memory
P46915-B21,CPU
P46921-B21,CPU
P46924-B21,CPU
P46927-B21,CPU
P47184-B21,Controller
P47223-B21,Heat Sink Kit
P47319-B21,SSD-SFF
P47320-B21,SSD-SFF
P47321-B21,SSD-SFF
P47322-B21,SSD-SFF
P47323-B21,SSD-SFF
P47324-B21,SSD-SFF
P47325-B21,SSD-SFF
P47326-B21,SSD-SFF
P47327-B21,SSD-SFF
P47777-B21,Controller
P47781-B21,Controller
P47785-B21,Controller
P47789-B21,Controller
P47808-B21,SSD-LFF
P47810-B21,SSD-SFF
P47811-B21,SSD-SFF
P47812-B21,SSD-SFF
P47813-B21,SSD-SFF
P47814-B21,SSD-SFF
P47815-B21,SSD-SFF
P47816-B21,SSD-SFF
P47817-B21,SSD-M2
P47818-B21,SSD-M2
P47820-B21,SSD-SFF
P47821-B21,SSD-SFF
P47822-B21,SSD-SFF
P47823-B21,SSD-SFF
P47824-B21,SSD-SFF
P47825-B21,SSD-SFF
P47834-B21,SSD-SFF
P47835-B21,SSD-SFF
P47836-B21,SSD-SFF
P47837-B21,SSD-SFF
P47838-B21,SSD-SFF
P47839-B21,SSD-SFF
P47840-B21,SSD-SFF
P47841-B21,SSD-SFF
P47842-B21,SSD-SFF
P47843-B21,SSD-SFF
P47844-B21,SSD-SFF
P47845-B21,SSD-SFF
P47846-B21,SSD-SFF
P47847-B21,SSD-SFF
P48183-B21,NVMe Boot Device
P48820-B21,Fan Kit
P48827-B21,Enablement Kit
P48830-B21,Enablement Kit
P48905-B21,Heat Sink Kit
P48918-B21,Cable Kit
P48920-B21,Cable Kit
P49028-B21,SSD-SFF
P49029-B21,SSD-SFF
P49030-B21,SSD-SFF
P49031-B21,SSD-SFF
P49034-B21,SSD-SFF
P49035-B21,SSD-SFF
P49039-B21,SSD-SFF
P49040-B21,SSD-LFF
P49041-B21,SSD-SFF
P49044-B21,SSD-SFF
P49045-B21,SSD-SFF
P49046-B21,SSD-SFF
P49047-B21,SSD-SFF
P49048-B21,SSD-SFF
P49049-B21,SSD-SFF
P49052-B21,SSD-SFF
P49053-B21,SSD-SFF
P49056-B21,SSD-SFF
P49057-B21,SSD-SFF
P49602-B21,CPU
P49606-B21,CPU
P49614-B21,CPU
P49616-B21,CPU
P49619-B21,CPU
P49631-B21,CPU
P49632-B21,CPU
P49654-B21,CPU
P50215-B21,SSD-SFF
P50216-B21,SSD-SFF
P50218-B21,SSD-SFF
P50219-B21,SSD-SFF
P50221-B21,SSD-SFF
P50222-B21,SSD-SFF
P50223-B21,SSD-SFF
P50224-B21,SSD-SFF
P50226-B21,SSD-SFF
P50227-B21,SSD-SFF
P50229-B21,SSD-SFF
P50230-B21,SSD-SFF
P50232-B21,SSD-SFF
P50233-B21,SSD-SFF
P50309-B21,Memory
P50310-B21,Memory
P50311-B21,Memory
P50312-B21,Memory
P50313-B21,Memory
P50314-B21,Memory
P51178-B21,Adapter
P51181-B21,Adapter
P51459-B21,SSD-SFF
P51911-B21,Enablement Kit
P52152-B21,Cable Kit
P53552-B21,HDD-LFF
P53553-B21,HDD-LFF
P53554-B21,HDD-LFF
P53555-B21,HDD-LFF
P53556-B21,HDD-LFF
P53557-B21,HDD-LFF
P53560-B21,HDD-SFF
P53561-B21,HDD-SFF
P53562-B21,HDD-SFF
P53563-B21,HDD-SFF
P53696-B21,CPU
P53698-B21,CPU
P53700-B21,CPU
P53701-B21,CPU
P53702-B21,CPU
P53703-B21,CPU
P53704-B21,CPU
P53710-B21,CPU
P55029-B21,Riser Kit
P55097-B21,Riser Kit
P55516-B21,Controller
P55528-B21,Cable Kit
P55626-B21,Cable Kit
P55882-B21,Cable Kit
P55883-B21,Cable Kit
P55884-B21,Cable Kit
P55885-B21,Cable Kit
P56654-B21,Blank Kit
P56658-B21,Cable Kit
P56915-B21,Riser Kit
P57013-B21,Cable Kit
P57108-B21,Cage Kit
P57799-B21,SSD-SFF
P57803-B21,SSD-SFF
P57807-B21,SSD-SFF
P57849-B21,Cable Kit
P57850-B21,Enablement Kit
P57884-B21,Cable Kit
P57885-B21,Enablement Kit
P57891-B21,Riser Kit
P58335-B21,Controller
P58457-B21,Heat Sink Kit
P58458-B21,Heat Sink Kit
P58459-B21,Heat Sink Kit
P58462-B21,Fan Kit
P58464-B21,Fan Kit
P58465-B21,Fan Kit
P58540-B21,CPU
P59668-B21,Fan Kit
P61179-B21,SSD-SFF
P61183-B21,SSD-SFF
P61187-B21,SSD-SFF
P61191-B21,SSD-SFF
P61195-B21,SSD-SFF
P63345-B21,Memory
P63930-B21,SSD-SFF
P63934-B21,SSD-SFF
P63938-B21,SSD-SFF
P64336-B21,Memory
P64339-B21,Memory
P64705-B21,Memory
P64706-B21,Memory
P64707-B21,Memory
P64708-B21,Memory
P64709-B21,Memory
P66675-B21,Memory
P68583-B21,HDD-LFF
P68585-B21,HDD-LFF
P69726-B21,Memory
P69727-B21,Memory
P69728-B21,Memory
P69729-B21,Memory
P69730-B21,Memory
P70399-B21,SSD-EDSFF
P73447-B21,Memory
P73477-B21,Memory
P77265-B21,SSD-SFF
P77267-B21,SSD-SFF
P9B44B,HDD-LFF
P9D91A,Adapter
P9D93A,Adapter
P9D94A,Adapter
P9D99A,Adapter
P9L71A,Internal Disk Backup
P9L72A,External Disk Backup
P9L83B,SSD-SFF
P9M75A,Adapter
P9M76A,Adapter
P9M79A,SSD-LFF
P9M80A,SSD-LFF
P9M82A,HDD-LFF
Q0F09A,Adapter
Q0F26A,Adapter
Q0J62A,GPU Module
Q0L11A,Adapter
Q0L12A,Adapter
Q0L13A,Adapter
Q0L14A,Adapter
Q0V76A,GPU Module
Q0V80A,GPU Module
Q1522C,Internal Tape Drive
Q1523C,External Tape Drive
Q1573B,Internal Tape Drive
Q1574B,External Tape Drive
Q1580B,Internal Tape Drive
Q1587B,Internal Tape Drive
Q1H47A,HDD-SFF
Q2R33A,External Disk Backup
Q2R41A,HDD-SFF
Q2R42A,HDD-LFF
Q9D46A,SSD-SFF
Q9D47A,SSD-SFF
QK703A,HDD-LFF
QK757A,SSD-SFF
QK758A,SSD-SFF
QK764A,HDD-SFF
QR477A,HDD-SFF
QR478A,HDD-SFF
QR479A,HDD-LFF
QR558A,Adapter
QR559A,Adapter
QW967A,Enclosure
QW968A,Enclosure
QW971A,Adapter
QW972A,Adapter
QW990A,Adapter
R0P66A,SSD-SFF
R0Q21A,HDD-LFF
R0Q35A,SSD-SFF
R0Q36A,SSD-LFF
R0Q37A,SSD-SFF
R0Q38A,SSD-LFF
R0Q46A,SSD-SFF
R0Q47A,SSD-SFF
R0Q49A,SSD-LFF
R0Q53A,HDD-SFF
R0Q54A,HDD-SFF
R0Q55A,HDD-SFF
R0Q56A,HDD-SFF
R0Q57A,HDD-SFF
R0Q58A,HDD-LFF
R0Q59A,HDD-LFF
R0Q60A,HDD-LFF
R0Q61A,HDD-LFF
R0Q62A,HDD-LFF
R0R52A,SSD-SFF
R0R53A,SSD-SFF
R0R55A,SSD-LFF
R1R75A,Tape Autoloader
R2E08A,Adapter
R2E09A,Adapter
R2J62A,Adapter
R2J63A,Adapter
R3R30A,SSD-SFF
R3U72A,HDD-LFF
R8M41A,Adapter
S0F31A,SSD-SFF
S0F32A,HDD-LFF
S3P38A,HDD-LFF
